static const unsigned char bcc_template[] = {
  0x7f, 0x45, 0x4c, 0x46, 0x01, 0x01, 0x01, 0xff, 0x09, 0x00, 0x00, 0x00,
  0x00, 0x00, 0x00, 0x00, 0x02, 0x00, 0x03, 0x00, 0x01, 0x00, 0x00, 0x00,
  0x00, 0x00, 0x00, 0x01, 0x34, 0x00, 0x00, 0x00, 0x7c, 0x45, 0x00, 0x00,
  0x00, 0x00, 0x00, 0x00, 0x34, 0x00, 0x20, 0x00, 0x04, 0x00, 0x28, 0x00,
  0x08, 0x00, 0x07, 0x00, 0x01, 0x00, 0x00, 0x00, 0x00, 0x10, 0x00, 0x00,
  0x00, 0x00, 0x00, 0x01, 0x00, 0x00, 0x00, 0x01, 0x74, 0x11, 0x00, 0x00,
  0x74, 0x11, 0x00, 0x00, 0x05, 0x00, 0x00, 0x00, 0x00, 0x10, 0x00, 0x00,
  0x01, 0x00, 0x00, 0x00, 0x00, 0x30, 0x00, 0x00, 0x00, 0x20, 0x00, 0x01,
  0x00, 0x20, 0x00, 0x01, 0x4a, 0x00, 0x00, 0x00, 0x4a, 0x00, 0x00, 0x00,
  0x04, 0x00, 0x00, 0x00, 0x00, 0x10, 0x00, 0x00, 0x01, 0x00, 0x00, 0x00,
  0x00, 0x40, 0x00, 0x00, 0x00, 0x30, 0x00, 0x01, 0x00, 0x30, 0x00, 0x01,
  0x30, 0x00, 0x00, 0x00, 0x50, 0x10, 0x00, 0x00, 0x06, 0x00, 0x00, 0x00,
  0x00, 0x10, 0x00, 0x00, 0x51, 0xe5, 0x74, 0x64, 0x00, 0x00, 0x00, 0x00,
  0x00, 0x00, 0x00, 0x00, 0x00, 0x00, 0x00, 0x00, 0x00, 0x00, 0x00, 0x00,
  0x00, 0x00, 0x00, 0x00, 0x06, 0x00, 0x00, 0x00, 0x10, 0x00, 0x00, 0x00,
  0x00, 0x00, 0x00, 0x00, 0x00, 0x00, 0x00, 0x00, 0x00, 0x00, 0x00, 0x00,
  0x00, 0x00, 0x00, 0x00, 0x00, 0x00, 0x00, 0x00, 0x00, 0x00, 0x00, 0x00,
  0x00, 0x00, 0x00, 0x00, 0x00, 0x00, 0x00, 0x00, 0x00, 0x00, 0x00, 0x00,
  0x00, 0x00, 0x00, 0x00, 0x00, 0x00, 0x00, 0x00, 0x00, 0x00, 0x00, 0x00,
  0x00, 0x00, 0x00, 0x00, 0x00, 0x00, 0x00, 0x00, 0x00, 0x00, 0x00, 0x00,
  0x00, 0x00, 0x00, 0x00, 0x00, 0x00, 0x00, 0x00, 0x00, 0x00, 0x00, 0x00,
  0x00, 0x00, 0x00, 0x00, 0x00, 0x00, 0x00, 0x00, 0x00, 0x00, 0x00, 0x00,
  0x00, 0x00, 0x00, 0x00, 0x00, 0x00, 0x00, 0x00, 0x00, 0x00, 0x00, 0x00,
  0x00, 0x00, 0x00, 0x00, 0x00, 0x00, 0x00, 0x00, 0x00, 0x00, 0x00, 0x00,
  0x00, 0x00, 0x00, 0x00, 0x00, 0x00, 0x00, 0x00, 0x00, 0x00, 0x00, 0x00,
  0x00, 0x00, 0x00, 0x00, 0x00, 0x00, 0x00, 0x00, 0x00, 0x00, 0x00, 0x00,
  0x00, 0x00, 0x00, 0x00, 0x00, 0x00, 0x00, 0x00, 0x00, 0x00, 0x00, 0x00,
  0x00, 0x00, 0x00, 0x00, 0x00, 0x00, 0x00, 0x00, 0x00, 0x00, 0x00, 0x00,
  0x00, 0x00, 0x00, 0x00, 0x00, 0x00, 0x00, 0x00, 0x00, 0x00, 0x00, 0x00,
  0x00, 0x00, 0x00, 0x00, 0x00, 0x00, 0x00, 0x00, 0x00, 0x00, 0x00, 0x00,
  0x00, 0x00, 0x00, 0x00, 0x00, 0x00, 0x00, 0x00, 0x00, 0x00, 0x00, 0x00,
  0x00, 0x00, 0x00, 0x00, 0x00, 0x00, 0x00, 0x00, 0x00, 0x00, 0x00, 0x00,
  0x00, 0x00, 0x00, 0x00, 0x00, 0x00, 0x00, 0x00, 0x00, 0x00, 0x00, 0x00,
  0x00, 0x00, 0x00, 0x00, 0x00, 0x00, 0x00, 0x00, 0x00, 0x00, 0x00, 0x00,
  0x00, 0x00, 0x00, 0x00, 0x00, 0x00, 0x00, 0x00, 0x00, 0x00, 0x00, 0x00,
  0x00, 0x00, 0x00, 0x00, 0x00, 0x00, 0x00, 0x00, 0x00, 0x00, 0x00, 0x00,
  0x00, 0x00, 0x00, 0x00, 0x00, 0x00, 0x00, 0x00, 0x00, 0x00, 0x00, 0x00,
  0x00, 0x00, 0x00, 0x00, 0x00, 0x00, 0x00, 0x00, 0x00, 0x00, 0x00, 0x00,
  0x00, 0x00, 0x00, 0x00, 0x00, 0x00, 0x00, 0x00, 0x00, 0x00, 0x00, 0x00,
  0x00, 0x00, 0x00, 0x00, 0x00, 0x00, 0x00, 0x00, 0x00, 0x00, 0x00, 0x00,
  0x00, 0x00, 0x00, 0x00, 0x00, 0x00, 0x00, 0x00, 0x00, 0x00, 0x00, 0x00,
  0x00, 0x00, 0x00, 0x00, 0x00, 0x00, 0x00, 0x00, 0x00, 0x00, 0x00, 0x00,
  0x00, 0x00, 0x00, 0x00, 0x00, 0x00, 0x00, 0x00, 0x00, 0x00, 0x00, 0x00,
  0x00, 0x00, 0x00, 0x00, 0x00, 0x00, 0x00, 0x00, 0x00, 0x00, 0x00, 0x00,
  0x00, 0x00, 0x00, 0x00, 0x00, 0x00, 0x00, 0x00, 0x00, 0x00, 0x00, 0x00,
  0x00, 0x00, 0x00, 0x00, 0x00, 0x00, 0x00, 0x00, 0x00, 0x00, 0x00, 0x00,
  0x00, 0x00, 0x00, 0x00, 0x00, 0x00, 0x00, 0x00, 0x00, 0x00, 0x00, 0x00,
  0x00, 0x00, 0x00, 0x00, 0x00, 0x00, 0x00, 0x00, 0x00, 0x00, 0x00, 0x00,
  0x00, 0x00, 0x00, 0x00, 0x00, 0x00, 0x00, 0x00, 0x00, 0x00, 0x00, 0x00,
  0x00, 0x00, 0x00, 0x00, 0x00, 0x00, 0x00, 0x00, 0x00, 0x00, 0x00, 0x00,
  0x00, 0x00, 0x00, 0x00, 0x00, 0x00, 0x00, 0x00, 0x00, 0x00, 0x00, 0x00,
  0x00, 0x00, 0x00, 0x00, 0x00, 0x00, 0x00, 0x00, 0x00, 0x00, 0x00, 0x00,
  0x00, 0x00, 0x00, 0x00, 0x00, 0x00, 0x00, 0x00, 0x00, 0x00, 0x00, 0x00,
  0x00, 0x00, 0x00, 0x00, 0x00, 0x00, 0x00, 0x00, 0x00, 0x00, 0x00, 0x00,
  0x00, 0x00, 0x00, 0x00, 0x00, 0x00, 0x00, 0x00, 0x00, 0x00, 0x00, 0x00,
  0x00, 0x00, 0x00, 0x00, 0x00, 0x00, 0x00, 0x00, 0x00, 0x00, 0x00, 0x00,
  0x00, 0x00, 0x00, 0x00, 0x00, 0x00, 0x00, 0x00, 0x00, 0x00, 0x00, 0x00,
  0x00, 0x00, 0x00, 0x00, 0x00, 0x00, 0x00, 0x00, 0x00, 0x00, 0x00, 0x00,
  0x00, 0x00, 0x00, 0x00, 0x00, 0x00, 0x00, 0x00, 0x00, 0x00, 0x00, 0x00,
  0x00, 0x00, 0x00, 0x00, 0x00, 0x00, 0x00, 0x00, 0x00, 0x00, 0x00, 0x00,
  0x00, 0x00, 0x00, 0x00, 0x00, 0x00, 0x00, 0x00, 0x00, 0x00, 0x00, 0x00,
  0x00, 0x00, 0x00, 0x00, 0x00, 0x00, 0x00, 0x00, 0x00, 0x00, 0x00, 0x00,
  0x00, 0x00, 0x00, 0x00, 0x00, 0x00, 0x00, 0x00, 0x00, 0x00, 0x00, 0x00,
  0x00, 0x00, 0x00, 0x00, 0x00, 0x00, 0x00, 0x00, 0x00, 0x00, 0x00, 0x00,
  0x00, 0x00, 0x00, 0x00, 0x00, 0x00, 0x00, 0x00, 0x00, 0x00, 0x00, 0x00,
  0x00, 0x00, 0x00, 0x00, 0x00, 0x00, 0x00, 0x00, 0x00, 0x00, 0x00, 0x00,
  0x00, 0x00, 0x00, 0x00, 0x00, 0x00, 0x00, 0x00, 0x00, 0x00, 0x00, 0x00,
  0x00, 0x00, 0x00, 0x00, 0x00, 0x00, 0x00, 0x00, 0x00, 0x00, 0x00, 0x00,
  0x00, 0x00, 0x00, 0x00, 0x00, 0x00, 0x00, 0x00, 0x00, 0x00, 0x00, 0x00,
  0x00, 0x00, 0x00, 0x00, 0x00, 0x00, 0x00, 0x00, 0x00, 0x00, 0x00, 0x00,
  0x00, 0x00, 0x00, 0x00, 0x00, 0x00, 0x00, 0x00, 0x00, 0x00, 0x00, 0x00,
  0x00, 0x00, 0x00, 0x00, 0x00, 0x00, 0x00, 0x00, 0x00, 0x00, 0x00, 0x00,
  0x00, 0x00, 0x00, 0x00, 0x00, 0x00, 0x00, 0x00, 0x00, 0x00, 0x00, 0x00,
  0x00, 0x00, 0x00, 0x00, 0x00, 0x00, 0x00, 0x00, 0x00, 0x00, 0x00, 0x00,
  0x00, 0x00, 0x00, 0x00, 0x00, 0x00, 0x00, 0x00, 0x00, 0x00, 0x00, 0x00,
  0x00, 0x00, 0x00, 0x00, 0x00, 0x00, 0x00, 0x00, 0x00, 0x00, 0x00, 0x00,
  0x00, 0x00, 0x00, 0x00, 0x00, 0x00, 0x00, 0x00, 0x00, 0x00, 0x00, 0x00,
  0x00, 0x00, 0x00, 0x00, 0x00, 0x00, 0x00, 0x00, 0x00, 0x00, 0x00, 0x00,
  0x00, 0x00, 0x00, 0x00, 0x00, 0x00, 0x00, 0x00, 0x00, 0x00, 0x00, 0x00,
  0x00, 0x00, 0x00, 0x00, 0x00, 0x00, 0x00, 0x00, 0x00, 0x00, 0x00, 0x00,
  0x00, 0x00, 0x00, 0x00, 0x00, 0x00, 0x00, 0x00, 0x00, 0x00, 0x00, 0x00,
  0x00, 0x00, 0x00, 0x00, 0x00, 0x00, 0x00, 0x00, 0x00, 0x00, 0x00, 0x00,
  0x00, 0x00, 0x00, 0x00, 0x00, 0x00, 0x00, 0x00, 0x00, 0x00, 0x00, 0x00,
  0x00, 0x00, 0x00, 0x00, 0x00, 0x00, 0x00, 0x00, 0x00, 0x00, 0x00, 0x00,
  0x00, 0x00, 0x00, 0x00, 0x00, 0x00, 0x00, 0x00, 0x00, 0x00, 0x00, 0x00,
  0x00, 0x00, 0x00, 0x00, 0x00, 0x00, 0x00, 0x00, 0x00, 0x00, 0x00, 0x00,
  0x00, 0x00, 0x00, 0x00, 0x00, 0x00, 0x00, 0x00, 0x00, 0x00, 0x00, 0x00,
  0x00, 0x00, 0x00, 0x00, 0x00, 0x00, 0x00, 0x00, 0x00, 0x00, 0x00, 0x00,
  0x00, 0x00, 0x00, 0x00, 0x00, 0x00, 0x00, 0x00, 0x00, 0x00, 0x00, 0x00,
  0x00, 0x00, 0x00, 0x00, 0x00, 0x00, 0x00, 0x00, 0x00, 0x00, 0x00, 0x00,
  0x00, 0x00, 0x00, 0x00, 0x00, 0x00, 0x00, 0x00, 0x00, 0x00, 0x00, 0x00,
  0x00, 0x00, 0x00, 0x00, 0x00, 0x00, 0x00, 0x00, 0x00, 0x00, 0x00, 0x00,
  0x00, 0x00, 0x00, 0x00, 0x00, 0x00, 0x00, 0x00, 0x00, 0x00, 0x00, 0x00,
  0x00, 0x00, 0x00, 0x00, 0x00, 0x00, 0x00, 0x00, 0x00, 0x00, 0x00, 0x00,
  0x00, 0x00, 0x00, 0x00, 0x00, 0x00, 0x00, 0x00, 0x00, 0x00, 0x00, 0x00,
  0x00, 0x00, 0x00, 0x00, 0x00, 0x00, 0x00, 0x00, 0x00, 0x00, 0x00, 0x00,
  0x00, 0x00, 0x00, 0x00, 0x00, 0x00, 0x00, 0x00, 0x00, 0x00, 0x00, 0x00,
  0x00, 0x00, 0x00, 0x00, 0x00, 0x00, 0x00, 0x00, 0x00, 0x00, 0x00, 0x00,
  0x00, 0x00, 0x00, 0x00, 0x00, 0x00, 0x00, 0x00, 0x00, 0x00, 0x00, 0x00,
  0x00, 0x00, 0x00, 0x00, 0x00, 0x00, 0x00, 0x00, 0x00, 0x00, 0x00, 0x00,
  0x00, 0x00, 0x00, 0x00, 0x00, 0x00, 0x00, 0x00, 0x00, 0x00, 0x00, 0x00,
  0x00, 0x00, 0x00, 0x00, 0x00, 0x00, 0x00, 0x00, 0x00, 0x00, 0x00, 0x00,
  0x00, 0x00, 0x00, 0x00, 0x00, 0x00, 0x00, 0x00, 0x00, 0x00, 0x00, 0x00,
  0x00, 0x00, 0x00, 0x00, 0x00, 0x00, 0x00, 0x00, 0x00, 0x00, 0x00, 0x00,
  0x00, 0x00, 0x00, 0x00, 0x00, 0x00, 0x00, 0x00, 0x00, 0x00, 0x00, 0x00,
  0x00, 0x00, 0x00, 0x00, 0x00, 0x00, 0x00, 0x00, 0x00, 0x00, 0x00, 0x00,
  0x00, 0x00, 0x00, 0x00, 0x00, 0x00, 0x00, 0x00, 0x00, 0x00, 0x00, 0x00,
  0x00, 0x00, 0x00, 0x00, 0x00, 0x00, 0x00, 0x00, 0x00, 0x00, 0x00, 0x00,
  0x00, 0x00, 0x00, 0x00, 0x00, 0x00, 0x00, 0x00, 0x00, 0x00, 0x00, 0x00,
  0x00, 0x00, 0x00, 0x00, 0x00, 0x00, 0x00, 0x00, 0x00, 0x00, 0x00, 0x00,
  0x00, 0x00, 0x00, 0x00, 0x00, 0x00, 0x00, 0x00, 0x00, 0x00, 0x00, 0x00,
  0x00, 0x00, 0x00, 0x00, 0x00, 0x00, 0x00, 0x00, 0x00, 0x00, 0x00, 0x00,
  0x00, 0x00, 0x00, 0x00, 0x00, 0x00, 0x00, 0x00, 0x00, 0x00, 0x00, 0x00,
  0x00, 0x00, 0x00, 0x00, 0x00, 0x00, 0x00, 0x00, 0x00, 0x00, 0x00, 0x00,
  0x00, 0x00, 0x00, 0x00, 0x00, 0x00, 0x00, 0x00, 0x00, 0x00, 0x00, 0x00,
  0x00, 0x00, 0x00, 0x00, 0x00, 0x00, 0x00, 0x00, 0x00, 0x00, 0x00, 0x00,
  0x00, 0x00, 0x00, 0x00, 0x00, 0x00, 0x00, 0x00, 0x00, 0x00, 0x00, 0x00,
  0x00, 0x00, 0x00, 0x00, 0x00, 0x00, 0x00, 0x00, 0x00, 0x00, 0x00, 0x00,
  0x00, 0x00, 0x00, 0x00, 0x00, 0x00, 0x00, 0x00, 0x00, 0x00, 0x00, 0x00,
  0x00, 0x00, 0x00, 0x00, 0x00, 0x00, 0x00, 0x00, 0x00, 0x00, 0x00, 0x00,
  0x00, 0x00, 0x00, 0x00, 0x00, 0x00, 0x00, 0x00, 0x00, 0x00, 0x00, 0x00,
  0x00, 0x00, 0x00, 0x00, 0x00, 0x00, 0x00, 0x00, 0x00, 0x00, 0x00, 0x00,
  0x00, 0x00, 0x00, 0x00, 0x00, 0x00, 0x00, 0x00, 0x00, 0x00, 0x00, 0x00,
  0x00, 0x00, 0x00, 0x00, 0x00, 0x00, 0x00, 0x00, 0x00, 0x00, 0x00, 0x00,
  0x00, 0x00, 0x00, 0x00, 0x00, 0x00, 0x00, 0x00, 0x00, 0x00, 0x00, 0x00,
  0x00, 0x00, 0x00, 0x00, 0x00, 0x00, 0x00, 0x00, 0x00, 0x00, 0x00, 0x00,
  0x00, 0x00, 0x00, 0x00, 0x00, 0x00, 0x00, 0x00, 0x00, 0x00, 0x00, 0x00,
  0x00, 0x00, 0x00, 0x00, 0x00, 0x00, 0x00, 0x00, 0x00, 0x00, 0x00, 0x00,
  0x00, 0x00, 0x00, 0x00, 0x00, 0x00, 0x00, 0x00, 0x00, 0x00, 0x00, 0x00,
  0x00, 0x00, 0x00, 0x00, 0x00, 0x00, 0x00, 0x00, 0x00, 0x00, 0x00, 0x00,
  0x00, 0x00, 0x00, 0x00, 0x00, 0x00, 0x00, 0x00, 0x00, 0x00, 0x00, 0x00,
  0x00, 0x00, 0x00, 0x00, 0x00, 0x00, 0x00, 0x00, 0x00, 0x00, 0x00, 0x00,
  0x00, 0x00, 0x00, 0x00, 0x00, 0x00, 0x00, 0x00, 0x00, 0x00, 0x00, 0x00,
  0x00, 0x00, 0x00, 0x00, 0x00, 0x00, 0x00, 0x00, 0x00, 0x00, 0x00, 0x00,
  0x00, 0x00, 0x00, 0x00, 0x00, 0x00, 0x00, 0x00, 0x00, 0x00, 0x00, 0x00,
  0x00, 0x00, 0x00, 0x00, 0x00, 0x00, 0x00, 0x00, 0x00, 0x00, 0x00, 0x00,
  0x00, 0x00, 0x00, 0x00, 0x00, 0x00, 0x00, 0x00, 0x00, 0x00, 0x00, 0x00,
  0x00, 0x00, 0x00, 0x00, 0x00, 0x00, 0x00, 0x00, 0x00, 0x00, 0x00, 0x00,
  0x00, 0x00, 0x00, 0x00, 0x00, 0x00, 0x00, 0x00, 0x00, 0x00, 0x00, 0x00,
  0x00, 0x00, 0x00, 0x00, 0x00, 0x00, 0x00, 0x00, 0x00, 0x00, 0x00, 0x00,
  0x00, 0x00, 0x00, 0x00, 0x00, 0x00, 0x00, 0x00, 0x00, 0x00, 0x00, 0x00,
  0x00, 0x00, 0x00, 0x00, 0x00, 0x00, 0x00, 0x00, 0x00, 0x00, 0x00, 0x00,
  0x00, 0x00, 0x00, 0x00, 0x00, 0x00, 0x00, 0x00, 0x00, 0x00, 0x00, 0x00,
  0x00, 0x00, 0x00, 0x00, 0x00, 0x00, 0x00, 0x00, 0x00, 0x00, 0x00, 0x00,
  0x00, 0x00, 0x00, 0x00, 0x00, 0x00, 0x00, 0x00, 0x00, 0x00, 0x00, 0x00,
  0x00, 0x00, 0x00, 0x00, 0x00, 0x00, 0x00, 0x00, 0x00, 0x00, 0x00, 0x00,
  0x00, 0x00, 0x00, 0x00, 0x00, 0x00, 0x00, 0x00, 0x00, 0x00, 0x00, 0x00,
  0x00, 0x00, 0x00, 0x00, 0x00, 0x00, 0x00, 0x00, 0x00, 0x00, 0x00, 0x00,
  0x00, 0x00, 0x00, 0x00, 0x00, 0x00, 0x00, 0x00, 0x00, 0x00, 0x00, 0x00,
  0x00, 0x00, 0x00, 0x00, 0x00, 0x00, 0x00, 0x00, 0x00, 0x00, 0x00, 0x00,
  0x00, 0x00, 0x00, 0x00, 0x00, 0x00, 0x00, 0x00, 0x00, 0x00, 0x00, 0x00,
  0x00, 0x00, 0x00, 0x00, 0x00, 0x00, 0x00, 0x00, 0x00, 0x00, 0x00, 0x00,
  0x00, 0x00, 0x00, 0x00, 0x00, 0x00, 0x00, 0x00, 0x00, 0x00, 0x00, 0x00,
  0x00, 0x00, 0x00, 0x00, 0x00, 0x00, 0x00, 0x00, 0x00, 0x00, 0x00, 0x00,
  0x00, 0x00, 0x00, 0x00, 0x00, 0x00, 0x00, 0x00, 0x00, 0x00, 0x00, 0x00,
  0x00, 0x00, 0x00, 0x00, 0x00, 0x00, 0x00, 0x00, 0x00, 0x00, 0x00, 0x00,
  0x00, 0x00, 0x00, 0x00, 0x00, 0x00, 0x00, 0x00, 0x00, 0x00, 0x00, 0x00,
  0x00, 0x00, 0x00, 0x00, 0x00, 0x00, 0x00, 0x00, 0x00, 0x00, 0x00, 0x00,
  0x00, 0x00, 0x00, 0x00, 0x00, 0x00, 0x00, 0x00, 0x00, 0x00, 0x00, 0x00,
  0x00, 0x00, 0x00, 0x00, 0x00, 0x00, 0x00, 0x00, 0x00, 0x00, 0x00, 0x00,
  0x00, 0x00, 0x00, 0x00, 0x00, 0x00, 0x00, 0x00, 0x00, 0x00, 0x00, 0x00,
  0x00, 0x00, 0x00, 0x00, 0x00, 0x00, 0x00, 0x00, 0x00, 0x00, 0x00, 0x00,
  0x00, 0x00, 0x00, 0x00, 0x00, 0x00, 0x00, 0x00, 0x00, 0x00, 0x00, 0x00,
  0x00, 0x00, 0x00, 0x00, 0x00, 0x00, 0x00, 0x00, 0x00, 0x00, 0x00, 0x00,
  0x00, 0x00, 0x00, 0x00, 0x00, 0x00, 0x00, 0x00, 0x00, 0x00, 0x00, 0x00,
  0x00, 0x00, 0x00, 0x00, 0x00, 0x00, 0x00, 0x00, 0x00, 0x00, 0x00, 0x00,
  0x00, 0x00, 0x00, 0x00, 0x00, 0x00, 0x00, 0x00, 0x00, 0x00, 0x00, 0x00,
  0x00, 0x00, 0x00, 0x00, 0x00, 0x00, 0x00, 0x00, 0x00, 0x00, 0x00, 0x00,
  0x00, 0x00, 0x00, 0x00, 0x00, 0x00, 0x00, 0x00, 0x00, 0x00, 0x00, 0x00,
  0x00, 0x00, 0x00, 0x00, 0x00, 0x00, 0x00, 0x00, 0x00, 0x00, 0x00, 0x00,
  0x00, 0x00, 0x00, 0x00, 0x00, 0x00, 0x00, 0x00, 0x00, 0x00, 0x00, 0x00,
  0x00, 0x00, 0x00, 0x00, 0x00, 0x00, 0x00, 0x00, 0x00, 0x00, 0x00, 0x00,
  0x00, 0x00, 0x00, 0x00, 0x00, 0x00, 0x00, 0x00, 0x00, 0x00, 0x00, 0x00,
  0x00, 0x00, 0x00, 0x00, 0x00, 0x00, 0x00, 0x00, 0x00, 0x00, 0x00, 0x00,
  0x00, 0x00, 0x00, 0x00, 0x00, 0x00, 0x00, 0x00, 0x00, 0x00, 0x00, 0x00,
  0x00, 0x00, 0x00, 0x00, 0x00, 0x00, 0x00, 0x00, 0x00, 0x00, 0x00, 0x00,
  0x00, 0x00, 0x00, 0x00, 0x00, 0x00, 0x00, 0x00, 0x00, 0x00, 0x00, 0x00,
  0x00, 0x00, 0x00, 0x00, 0x00, 0x00, 0x00, 0x00, 0x00, 0x00, 0x00, 0x00,
  0x00, 0x00, 0x00, 0x00, 0x00, 0x00, 0x00, 0x00, 0x00, 0x00, 0x00, 0x00,
  0x00, 0x00, 0x00, 0x00, 0x00, 0x00, 0x00, 0x00, 0x00, 0x00, 0x00, 0x00,
  0x00, 0x00, 0x00, 0x00, 0x00, 0x00, 0x00, 0x00, 0x00, 0x00, 0x00, 0x00,
  0x00, 0x00, 0x00, 0x00, 0x00, 0x00, 0x00, 0x00, 0x00, 0x00, 0x00, 0x00,
  0x00, 0x00, 0x00, 0x00, 0x00, 0x00, 0x00, 0x00, 0x00, 0x00, 0x00, 0x00,
  0x00, 0x00, 0x00, 0x00, 0x00, 0x00, 0x00, 0x00, 0x00, 0x00, 0x00, 0x00,
  0x00, 0x00, 0x00, 0x00, 0x00, 0x00, 0x00, 0x00, 0x00, 0x00, 0x00, 0x00,
  0x00, 0x00, 0x00, 0x00, 0x00, 0x00, 0x00, 0x00, 0x00, 0x00, 0x00, 0x00,
  0x00, 0x00, 0x00, 0x00, 0x00, 0x00, 0x00, 0x00, 0x00, 0x00, 0x00, 0x00,
  0x00, 0x00, 0x00, 0x00, 0x00, 0x00, 0x00, 0x00, 0x00, 0x00, 0x00, 0x00,
  0x00, 0x00, 0x00, 0x00, 0x00, 0x00, 0x00, 0x00, 0x00, 0x00, 0x00, 0x00,
  0x00, 0x00, 0x00, 0x00, 0x00, 0x00, 0x00, 0x00, 0x00, 0x00, 0x00, 0x00,
  0x00, 0x00, 0x00, 0x00, 0x00, 0x00, 0x00, 0x00, 0x00, 0x00, 0x00, 0x00,
  0x00, 0x00, 0x00, 0x00, 0x00, 0x00, 0x00, 0x00, 0x00, 0x00, 0x00, 0x00,
  0x00, 0x00, 0x00, 0x00, 0x00, 0x00, 0x00, 0x00, 0x00, 0x00, 0x00, 0x00,
  0x00, 0x00, 0x00, 0x00, 0x00, 0x00, 0x00, 0x00, 0x00, 0x00, 0x00, 0x00,
  0x00, 0x00, 0x00, 0x00, 0x00, 0x00, 0x00, 0x00, 0x00, 0x00, 0x00, 0x00,
  0x00, 0x00, 0x00, 0x00, 0x00, 0x00, 0x00, 0x00, 0x00, 0x00, 0x00, 0x00,
  0x00, 0x00, 0x00, 0x00, 0x00, 0x00, 0x00, 0x00, 0x00, 0x00, 0x00, 0x00,
  0x00, 0x00, 0x00, 0x00, 0x00, 0x00, 0x00, 0x00, 0x00, 0x00, 0x00, 0x00,
  0x00, 0x00, 0x00, 0x00, 0x00, 0x00, 0x00, 0x00, 0x00, 0x00, 0x00, 0x00,
  0x00, 0x00, 0x00, 0x00, 0x00, 0x00, 0x00, 0x00, 0x00, 0x00, 0x00, 0x00,
  0x00, 0x00, 0x00, 0x00, 0x00, 0x00, 0x00, 0x00, 0x00, 0x00, 0x00, 0x00,
  0x00, 0x00, 0x00, 0x00, 0x00, 0x00, 0x00, 0x00, 0x00, 0x00, 0x00, 0x00,
  0x00, 0x00, 0x00, 0x00, 0x00, 0x00, 0x00, 0x00, 0x00, 0x00, 0x00, 0x00,
  0x00, 0x00, 0x00, 0x00, 0x00, 0x00, 0x00, 0x00, 0x00, 0x00, 0x00, 0x00,
  0x00, 0x00, 0x00, 0x00, 0x00, 0x00, 0x00, 0x00, 0x00, 0x00, 0x00, 0x00,
  0x00, 0x00, 0x00, 0x00, 0x00, 0x00, 0x00, 0x00, 0x00, 0x00, 0x00, 0x00,
  0x00, 0x00, 0x00, 0x00, 0x00, 0x00, 0x00, 0x00, 0x00, 0x00, 0x00, 0x00,
  0x00, 0x00, 0x00, 0x00, 0x00, 0x00, 0x00, 0x00, 0x00, 0x00, 0x00, 0x00,
  0x00, 0x00, 0x00, 0x00, 0x00, 0x00, 0x00, 0x00, 0x00, 0x00, 0x00, 0x00,
  0x00, 0x00, 0x00, 0x00, 0x00, 0x00, 0x00, 0x00, 0x00, 0x00, 0x00, 0x00,
  0x00, 0x00, 0x00, 0x00, 0x00, 0x00, 0x00, 0x00, 0x00, 0x00, 0x00, 0x00,
  0x00, 0x00, 0x00, 0x00, 0x00, 0x00, 0x00, 0x00, 0x00, 0x00, 0x00, 0x00,
  0x00, 0x00, 0x00, 0x00, 0x00, 0x00, 0x00, 0x00, 0x00, 0x00, 0x00, 0x00,
  0x00, 0x00, 0x00, 0x00, 0x00, 0x00, 0x00, 0x00, 0x00, 0x00, 0x00, 0x00,
  0x00, 0x00, 0x00, 0x00, 0x00, 0x00, 0x00, 0x00, 0x00, 0x00, 0x00, 0x00,
  0x00, 0x00, 0x00, 0x00, 0x00, 0x00, 0x00, 0x00, 0x00, 0x00, 0x00, 0x00,
  0x00, 0x00, 0x00, 0x00, 0x00, 0x00, 0x00, 0x00, 0x00, 0x00, 0x00, 0x00,
  0x00, 0x00, 0x00, 0x00, 0x00, 0x00, 0x00, 0x00, 0x00, 0x00, 0x00, 0x00,
  0x00, 0x00, 0x00, 0x00, 0x00, 0x00, 0x00, 0x00, 0x00, 0x00, 0x00, 0x00,
  0x00, 0x00, 0x00, 0x00, 0x00, 0x00, 0x00, 0x00, 0x00, 0x00, 0x00, 0x00,
  0x00, 0x00, 0x00, 0x00, 0x00, 0x00, 0x00, 0x00, 0x00, 0x00, 0x00, 0x00,
  0x00, 0x00, 0x00, 0x00, 0x00, 0x00, 0x00, 0x00, 0x00, 0x00, 0x00, 0x00,
  0x00, 0x00, 0x00, 0x00, 0x00, 0x00, 0x00, 0x00, 0x00, 0x00, 0x00, 0x00,
  0x00, 0x00, 0x00, 0x00, 0x00, 0x00, 0x00, 0x00, 0x00, 0x00, 0x00, 0x00,
  0x00, 0x00, 0x00, 0x00, 0x00, 0x00, 0x00, 0x00, 0x00, 0x00, 0x00, 0x00,
  0x00, 0x00, 0x00, 0x00, 0x00, 0x00, 0x00, 0x00, 0x00, 0x00, 0x00, 0x00,
  0x00, 0x00, 0x00, 0x00, 0x00, 0x00, 0x00, 0x00, 0x00, 0x00, 0x00, 0x00,
  0x00, 0x00, 0x00, 0x00, 0x00, 0x00, 0x00, 0x00, 0x00, 0x00, 0x00, 0x00,
  0x00, 0x00, 0x00, 0x00, 0x00, 0x00, 0x00, 0x00, 0x00, 0x00, 0x00, 0x00,
  0x00, 0x00, 0x00, 0x00, 0x00, 0x00, 0x00, 0x00, 0x00, 0x00, 0x00, 0x00,
  0x00, 0x00, 0x00, 0x00, 0x00, 0x00, 0x00, 0x00, 0x00, 0x00, 0x00, 0x00,
  0x00, 0x00, 0x00, 0x00, 0x00, 0x00, 0x00, 0x00, 0x00, 0x00, 0x00, 0x00,
  0x00, 0x00, 0x00, 0x00, 0x00, 0x00, 0x00, 0x00, 0x00, 0x00, 0x00, 0x00,
  0x00, 0x00, 0x00, 0x00, 0x00, 0x00, 0x00, 0x00, 0x00, 0x00, 0x00, 0x00,
  0x00, 0x00, 0x00, 0x00, 0x00, 0x00, 0x00, 0x00, 0x00, 0x00, 0x00, 0x00,
  0x00, 0x00, 0x00, 0x00, 0x00, 0x00, 0x00, 0x00, 0x00, 0x00, 0x00, 0x00,
  0x00, 0x00, 0x00, 0x00, 0x00, 0x00, 0x00, 0x00, 0x00, 0x00, 0x00, 0x00,
  0x00, 0x00, 0x00, 0x00, 0x00, 0x00, 0x00, 0x00, 0x00, 0x00, 0x00, 0x00,
  0x00, 0x00, 0x00, 0x00, 0x00, 0x00, 0x00, 0x00, 0x00, 0x00, 0x00, 0x00,
  0x00, 0x00, 0x00, 0x00, 0x00, 0x00, 0x00, 0x00, 0x00, 0x00, 0x00, 0x00,
  0x00, 0x00, 0x00, 0x00, 0x00, 0x00, 0x00, 0x00, 0x00, 0x00, 0x00, 0x00,
  0x00, 0x00, 0x00, 0x00, 0x00, 0x00, 0x00, 0x00, 0x00, 0x00, 0x00, 0x00,
  0x00, 0x00, 0x00, 0x00, 0x00, 0x00, 0x00, 0x00, 0x00, 0x00, 0x00, 0x00,
  0x00, 0x00, 0x00, 0x00, 0x00, 0x00, 0x00, 0x00, 0x00, 0x00, 0x00, 0x00,
  0x00, 0x00, 0x00, 0x00, 0x00, 0x00, 0x00, 0x00, 0x00, 0x00, 0x00, 0x00,
  0x00, 0x00, 0x00, 0x00, 0x00, 0x00, 0x00, 0x00, 0x00, 0x00, 0x00, 0x00,
  0x00, 0x00, 0x00, 0x00, 0x00, 0x00, 0x00, 0x00, 0x00, 0x00, 0x00, 0x00,
  0x00, 0x00, 0x00, 0x00, 0x00, 0x00, 0x00, 0x00, 0x00, 0x00, 0x00, 0x00,
  0x00, 0x00, 0x00, 0x00, 0x00, 0x00, 0x00, 0x00, 0x00, 0x00, 0x00, 0x00,
  0x00, 0x00, 0x00, 0x00, 0x00, 0x00, 0x00, 0x00, 0x00, 0x00, 0x00, 0x00,
  0x00, 0x00, 0x00, 0x00, 0x00, 0x00, 0x00, 0x00, 0x00, 0x00, 0x00, 0x00,
  0x00, 0x00, 0x00, 0x00, 0x00, 0x00, 0x00, 0x00, 0x00, 0x00, 0x00, 0x00,
  0x00, 0x00, 0x00, 0x00, 0x00, 0x00, 0x00, 0x00, 0x00, 0x00, 0x00, 0x00,
  0x00, 0x00, 0x00, 0x00, 0x00, 0x00, 0x00, 0x00, 0x00, 0x00, 0x00, 0x00,
  0x00, 0x00, 0x00, 0x00, 0x00, 0x00, 0x00, 0x00, 0x00, 0x00, 0x00, 0x00,
  0x00, 0x00, 0x00, 0x00, 0x00, 0x00, 0x00, 0x00, 0x00, 0x00, 0x00, 0x00,
  0x00, 0x00, 0x00, 0x00, 0x00, 0x00, 0x00, 0x00, 0x00, 0x00, 0x00, 0x00,
  0x00, 0x00, 0x00, 0x00, 0x00, 0x00, 0x00, 0x00, 0x00, 0x00, 0x00, 0x00,
  0x00, 0x00, 0x00, 0x00, 0x00, 0x00, 0x00, 0x00, 0x00, 0x00, 0x00, 0x00,
  0x00, 0x00, 0x00, 0x00, 0x00, 0x00, 0x00, 0x00, 0x00, 0x00, 0x00, 0x00,
  0x00, 0x00, 0x00, 0x00, 0x00, 0x00, 0x00, 0x00, 0x00, 0x00, 0x00, 0x00,
  0x00, 0x00, 0x00, 0x00, 0x00, 0x00, 0x00, 0x00, 0x00, 0x00, 0x00, 0x00,
  0x00, 0x00, 0x00, 0x00, 0x00, 0x00, 0x00, 0x00, 0x00, 0x00, 0x00, 0x00,
  0x00, 0x00, 0x00, 0x00, 0x00, 0x00, 0x00, 0x00, 0x00, 0x00, 0x00, 0x00,
  0x00, 0x00, 0x00, 0x00, 0x00, 0x00, 0x00, 0x00, 0x00, 0x00, 0x00, 0x00,
  0x00, 0x00, 0x00, 0x00, 0x00, 0x00, 0x00, 0x00, 0x00, 0x00, 0x00, 0x00,
  0x00, 0x00, 0x00, 0x00, 0x00, 0x00, 0x00, 0x00, 0x00, 0x00, 0x00, 0x00,
  0x00, 0x00, 0x00, 0x00, 0x00, 0x00, 0x00, 0x00, 0x00, 0x00, 0x00, 0x00,
  0x00, 0x00, 0x00, 0x00, 0x00, 0x00, 0x00, 0x00, 0x00, 0x00, 0x00, 0x00,
  0x00, 0x00, 0x00, 0x00, 0x00, 0x00, 0x00, 0x00, 0x00, 0x00, 0x00, 0x00,
  0x00, 0x00, 0x00, 0x00, 0x00, 0x00, 0x00, 0x00, 0x00, 0x00, 0x00, 0x00,
  0x00, 0x00, 0x00, 0x00, 0x00, 0x00, 0x00, 0x00, 0x00, 0x00, 0x00, 0x00,
  0x00, 0x00, 0x00, 0x00, 0x00, 0x00, 0x00, 0x00, 0x00, 0x00, 0x00, 0x00,
  0x00, 0x00, 0x00, 0x00, 0x00, 0x00, 0x00, 0x00, 0x00, 0x00, 0x00, 0x00,
  0x00, 0x00, 0x00, 0x00, 0x00, 0x00, 0x00, 0x00, 0x00, 0x00, 0x00, 0x00,
  0x00, 0x00, 0x00, 0x00, 0x00, 0x00, 0x00, 0x00, 0x00, 0x00, 0x00, 0x00,
  0x00, 0x00, 0x00, 0x00, 0x00, 0x00, 0x00, 0x00, 0x00, 0x00, 0x00, 0x00,
  0x00, 0x00, 0x00, 0x00, 0x00, 0x00, 0x00, 0x00, 0x00, 0x00, 0x00, 0x00,
  0x00, 0x00, 0x00, 0x00, 0x00, 0x00, 0x00, 0x00, 0x00, 0x00, 0x00, 0x00,
  0x00, 0x00, 0x00, 0x00, 0x00, 0x00, 0x00, 0x00, 0x00, 0x00, 0x00, 0x00,
  0x00, 0x00, 0x00, 0x00, 0x00, 0x00, 0x00, 0x00, 0x00, 0x00, 0x00, 0x00,
  0x00, 0x00, 0x00, 0x00, 0x00, 0x00, 0x00, 0x00, 0x00, 0x00, 0x00, 0x00,
  0x00, 0x00, 0x00, 0x00, 0x00, 0x00, 0x00, 0x00, 0x00, 0x00, 0x00, 0x00,
  0x00, 0x00, 0x00, 0x00, 0x00, 0x00, 0x00, 0x00, 0x00, 0x00, 0x00, 0x00,
  0x00, 0x00, 0x00, 0x00, 0x00, 0x00, 0x00, 0x00, 0x00, 0x00, 0x00, 0x00,
  0x00, 0x00, 0x00, 0x00, 0x00, 0x00, 0x00, 0x00, 0x00, 0x00, 0x00, 0x00,
  0x00, 0x00, 0x00, 0x00, 0x00, 0x00, 0x00, 0x00, 0x00, 0x00, 0x00, 0x00,
  0x00, 0x00, 0x00, 0x00, 0x00, 0x00, 0x00, 0x00, 0x00, 0x00, 0x00, 0x00,
  0x00, 0x00, 0x00, 0x00, 0x00, 0x00, 0x00, 0x00, 0x00, 0x00, 0x00, 0x00,
  0x00, 0x00, 0x00, 0x00, 0x00, 0x00, 0x00, 0x00, 0x00, 0x00, 0x00, 0x00,
  0x00, 0x00, 0x00, 0x00, 0x00, 0x00, 0x00, 0x00, 0x00, 0x00, 0x00, 0x00,
  0x00, 0x00, 0x00, 0x00, 0x00, 0x00, 0x00, 0x00, 0x00, 0x00, 0x00, 0x00,
  0x00, 0x00, 0x00, 0x00, 0x00, 0x00, 0x00, 0x00, 0x00, 0x00, 0x00, 0x00,
  0x00, 0x00, 0x00, 0x00, 0x00, 0x00, 0x00, 0x00, 0x00, 0x00, 0x00, 0x00,
  0x00, 0x00, 0x00, 0x00, 0x00, 0x00, 0x00, 0x00, 0x00, 0x00, 0x00, 0x00,
  0x00, 0x00, 0x00, 0x00, 0x00, 0x00, 0x00, 0x00, 0x00, 0x00, 0x00, 0x00,
  0x00, 0x00, 0x00, 0x00, 0x00, 0x00, 0x00, 0x00, 0x00, 0x00, 0x00, 0x00,
  0x00, 0x00, 0x00, 0x00, 0x00, 0x00, 0x00, 0x00, 0x00, 0x00, 0x00, 0x00,
  0x00, 0x00, 0x00, 0x00, 0x00, 0x00, 0x00, 0x00, 0x00, 0x00, 0x00, 0x00,
  0x00, 0x00, 0x00, 0x00, 0x00, 0x00, 0x00, 0x00, 0x00, 0x00, 0x00, 0x00,
  0x00, 0x00, 0x00, 0x00, 0x00, 0x00, 0x00, 0x00, 0x00, 0x00, 0x00, 0x00,
  0x00, 0x00, 0x00, 0x00, 0x00, 0x00, 0x00, 0x00, 0x00, 0x00, 0x00, 0x00,
  0x00, 0x00, 0x00, 0x00, 0x00, 0x00, 0x00, 0x00, 0x00, 0x00, 0x00, 0x00,
  0x00, 0x00, 0x00, 0x00, 0x00, 0x00, 0x00, 0x00, 0x00, 0x00, 0x00, 0x00,
  0x00, 0x00, 0x00, 0x00, 0x00, 0x00, 0x00, 0x00, 0x00, 0x00, 0x00, 0x00,
  0x00, 0x00, 0x00, 0x00, 0x00, 0x00, 0x00, 0x00, 0x00, 0x00, 0x00, 0x00,
  0x00, 0x00, 0x00, 0x00, 0x00, 0x00, 0x00, 0x00, 0x00, 0x00, 0x00, 0x00,
  0x00, 0x00, 0x00, 0x00, 0x00, 0x00, 0x00, 0x00, 0x00, 0x00, 0x00, 0x00,
  0x00, 0x00, 0x00, 0x00, 0x00, 0x00, 0x00, 0x00, 0x00, 0x00, 0x00, 0x00,
  0x00, 0x00, 0x00, 0x00, 0x00, 0x00, 0x00, 0x00, 0x00, 0x00, 0x00, 0x00,
  0x00, 0x00, 0x00, 0x00, 0x00, 0x00, 0x00, 0x00, 0x00, 0x00, 0x00, 0x00,
  0x00, 0x00, 0x00, 0x00, 0x00, 0x00, 0x00, 0x00, 0x00, 0x00, 0x00, 0x00,
  0x00, 0x00, 0x00, 0x00, 0x00, 0x00, 0x00, 0x00, 0x00, 0x00, 0x00, 0x00,
  0x00, 0x00, 0x00, 0x00, 0x00, 0x00, 0x00, 0x00, 0x00, 0x00, 0x00, 0x00,
  0x00, 0x00, 0x00, 0x00, 0x00, 0x00, 0x00, 0x00, 0x00, 0x00, 0x00, 0x00,
  0x00, 0x00, 0x00, 0x00, 0x00, 0x00, 0x00, 0x00, 0x00, 0x00, 0x00, 0x00,
  0x00, 0x00, 0x00, 0x00, 0x00, 0x00, 0x00, 0x00, 0x00, 0x00, 0x00, 0x00,
  0x00, 0x00, 0x00, 0x00, 0x00, 0x00, 0x00, 0x00, 0x00, 0x00, 0x00, 0x00,
  0x00, 0x00, 0x00, 0x00, 0x00, 0x00, 0x00, 0x00, 0x00, 0x00, 0x00, 0x00,
  0x00, 0x00, 0x00, 0x00, 0x00, 0x00, 0x00, 0x00, 0x00, 0x00, 0x00, 0x00,
  0x00, 0x00, 0x00, 0x00, 0x00, 0x00, 0x00, 0x00, 0x00, 0x00, 0x00, 0x00,
  0x00, 0x00, 0x00, 0x00, 0x00, 0x00, 0x00, 0x00, 0x00, 0x00, 0x00, 0x00,
  0x00, 0x00, 0x00, 0x00, 0x00, 0x00, 0x00, 0x00, 0x00, 0x00, 0x00, 0x00,
  0x00, 0x00, 0x00, 0x00, 0x00, 0x00, 0x00, 0x00, 0x00, 0x00, 0x00, 0x00,
  0x00, 0x00, 0x00, 0x00, 0x00, 0x00, 0x00, 0x00, 0x00, 0x00, 0x00, 0x00,
  0x00, 0x00, 0x00, 0x00, 0x00, 0x00, 0x00, 0x00, 0x00, 0x00, 0x00, 0x00,
  0x00, 0x00, 0x00, 0x00, 0x00, 0x00, 0x00, 0x00, 0x00, 0x00, 0x00, 0x00,
  0x00, 0x00, 0x00, 0x00, 0x00, 0x00, 0x00, 0x00, 0x00, 0x00, 0x00, 0x00,
  0x00, 0x00, 0x00, 0x00, 0x00, 0x00, 0x00, 0x00, 0x00, 0x00, 0x00, 0x00,
  0x00, 0x00, 0x00, 0x00, 0x00, 0x00, 0x00, 0x00, 0x00, 0x00, 0x00, 0x00,
  0x00, 0x00, 0x00, 0x00, 0x00, 0x00, 0x00, 0x00, 0x00, 0x00, 0x00, 0x00,
  0x00, 0x00, 0x00, 0x00, 0x00, 0x00, 0x00, 0x00, 0x00, 0x00, 0x00, 0x00,
  0x00, 0x00, 0x00, 0x00, 0x00, 0x00, 0x00, 0x00, 0x00, 0x00, 0x00, 0x00,
  0x00, 0x00, 0x00, 0x00, 0x00, 0x00, 0x00, 0x00, 0x00, 0x00, 0x00, 0x00,
  0x00, 0x00, 0x00, 0x00, 0x00, 0x00, 0x00, 0x00, 0x00, 0x00, 0x00, 0x00,
  0x00, 0x00, 0x00, 0x00, 0x00, 0x00, 0x00, 0x00, 0x00, 0x00, 0x00, 0x00,
  0x00, 0x00, 0x00, 0x00, 0x00, 0x00, 0x00, 0x00, 0x00, 0x00, 0x00, 0x00,
  0x00, 0x00, 0x00, 0x00, 0x00, 0x00, 0x00, 0x00, 0x00, 0x00, 0x00, 0x00,
  0x00, 0x00, 0x00, 0x00, 0x00, 0x00, 0x00, 0x00, 0x00, 0x00, 0x00, 0x00,
  0x00, 0x00, 0x00, 0x00, 0x00, 0x00, 0x00, 0x00, 0x00, 0x00, 0x00, 0x00,
  0x00, 0x00, 0x00, 0x00, 0x00, 0x00, 0x00, 0x00, 0x00, 0x00, 0x00, 0x00,
  0x00, 0x00, 0x00, 0x00, 0x8b, 0x44, 0x24, 0x04, 0x8b, 0x54, 0x24, 0x08,
  0x8b, 0x4c, 0x24, 0x0c, 0x85, 0xc0, 0x74, 0x05, 0x83, 0x38, 0x09, 0x74,
  0x07, 0xb8, 0x7e, 0x00, 0x00, 0x00, 0xc3, 0x90, 0xa3, 0x08, 0x40, 0x00,
  0x01, 0x89, 0x15, 0x04, 0x40, 0x00, 0x01, 0x89, 0x0d, 0x00, 0x40, 0x00,
  0x01, 0x89, 0x4c, 0x24, 0x08, 0x89, 0x54, 0x24, 0x04, 0xe9, 0x12, 0x11,
  0x00, 0x00, 0x66, 0x90, 0x83, 0xec, 0x08, 0x89, 0x34, 0x24, 0x8b, 0x54,
  0x24, 0x0c, 0x8b, 0x74, 0x24, 0x10, 0x8b, 0x44, 0x24, 0x14, 0x85, 0xc0,
  0x74, 0x13, 0x89, 0x7c, 0x24, 0x04, 0x01, 0xd0, 0x89, 0xd7, 0x66, 0x90,
  0xa4, 0x39, 0xf8, 0x75, 0xfb, 0x8b, 0x7c, 0x24, 0x04, 0x89, 0xd0, 0x8b,
  0x34, 0x24, 0x83, 0xc4, 0x08, 0xc3, 0x66, 0x90, 0x53, 0x8b, 0x54, 0x24,
  0x0c, 0x8b, 0x5c, 0x24, 0x10, 0x85, 0xdb, 0x74, 0x27, 0x8b, 0x44, 0x24,
  0x08, 0x8d, 0x0c, 0x18, 0x83, 0xe3, 0x01, 0x74, 0x0f, 0x8b, 0x44, 0x24,
  0x08, 0x40, 0x88, 0x50, 0xff, 0x39, 0xc1, 0x74, 0x0f, 0x8d, 0x76, 0x00,
  0x88, 0x10, 0x83, 0xc0, 0x02, 0x88, 0x50, 0xff, 0x39, 0xc1, 0x75, 0xf4,
  0x8b, 0x44, 0x24, 0x08, 0x5b, 0xc3, 0x66, 0x90, 0x83, 0xec, 0x08, 0x89,
  0x34, 0x24, 0x8b, 0x54, 0x24, 0x0c, 0x8b, 0x74, 0x24, 0x10, 0x8b, 0x44,
  0x24, 0x14, 0x39, 0xf2, 0x73, 0x22, 0x85, 0xc0, 0x74, 0x13, 0x89, 0x7c,
  0x24, 0x04, 0x01, 0xd0, 0x89, 0xd7, 0x66, 0x90, 0xa4, 0x39, 0xf8, 0x75,
  0xfb, 0x8b, 0x7c, 0x24, 0x04, 0x89, 0xd0, 0x8b, 0x34, 0x24, 0x83, 0xc4,
  0x08, 0xc3, 0x66, 0x90, 0x85, 0xc0, 0x74, 0xf1, 0x48, 0x8d, 0x76, 0x00,
  0x8a, 0x0c, 0x06, 0x88, 0x0c, 0x02, 0x83, 0xe8, 0x01, 0x73, 0xf5, 0x89,
  0xd0, 0x8b, 0x34, 0x24, 0x83, 0xc4, 0x08, 0xc3, 0x83, 0xec, 0x08, 0x89,
  0x74, 0x24, 0x04, 0x8b, 0x44, 0x24, 0x0c, 0x8b, 0x54, 0x24, 0x10, 0x8b,
  0x4c, 0x24, 0x14, 0x8d, 0x34, 0x08, 0x85, 0xc9, 0x74, 0x29, 0x89, 0x1c,
  0x24, 0xeb, 0x07, 0x90, 0x40, 0x42, 0x39, 0xf0, 0x74, 0x1a, 0x8a, 0x08,
  0x0f, 0xb6, 0x1a, 0x38, 0xd9, 0x74, 0xf1, 0x0f, 0xb6, 0xc1, 0x29, 0xd8,
  0x8b, 0x1c, 0x24, 0x8b, 0x74, 0x24, 0x04, 0x83, 0xc4, 0x08, 0xc3, 0x90,
  0x8b, 0x1c, 0x24, 0x31, 0xc0, 0x8b, 0x74, 0x24, 0x04, 0x83, 0xc4, 0x08,
  0xc3, 0x8d, 0x76, 0x00, 0x8b, 0x54, 0x24, 0x04, 0x31, 0xc0, 0x80, 0x3a,
  0x00, 0x74, 0x09, 0x90, 0x40, 0x80, 0x3c, 0x02, 0x00, 0x75, 0xf9, 0xc3,
  0xc3, 0x66, 0x90, 0x90, 0x83, 0xec, 0x10, 0x89, 0x5c, 0x24, 0x04, 0x8b,
  0x54, 0x24, 0x14, 0x8a, 0x44, 0x24, 0x18, 0x88, 0x04, 0x24, 0x8b, 0x4a,
  0x08, 0x85, 0xc9, 0x74, 0x3f, 0x83, 0xe0, 0xc0, 0x3c, 0x80, 0x0f, 0x84,
  0x8c, 0x00, 0x00, 0x00, 0xc7, 0x42, 0x08, 0x00, 0x00, 0x00, 0x00, 0x8b,
  0x44, 0x24, 0x1c, 0xc7, 0x00, 0x3f, 0x00, 0x00, 0x00, 0xb9, 0x01, 0x00,
  0x00, 0x00, 0x8a, 0x1c, 0x24, 0x84, 0xdb, 0x78, 0x20, 0x8d, 0x41, 0x01,
  0x0f, 0xb6, 0xd3, 0x8b, 0x5c, 0x24, 0x1c, 0x89, 0x14, 0x8b, 0x8b, 0x5c,
  0x24, 0x04, 0x83, 0xc4, 0x10, 0xc3, 0x66, 0x90, 0x31, 0xc9, 0x8a, 0x1c,
  0x24, 0x84, 0xdb, 0x79, 0xe0, 0x8a, 0x1c, 0x24, 0x8d, 0x43, 0x3e, 0x3c,
  0x32, 0x77, 0x2d, 0x89, 0x74, 0x24, 0x08, 0x89, 0x7c, 0x24, 0x0c, 0x0f,
  0xb6, 0xc3, 0x80, 0xfb, 0xdf, 0x76, 0x7d, 0x80, 0xfb, 0xef, 0x0f, 0x87,
  0xac, 0x00, 0x00, 0x00, 0xbb, 0x02, 0x00, 0x00, 0x00, 0xbf, 0x00, 0x08,
  0x00, 0x00, 0xbe, 0x0f, 0x00, 0x00, 0x00, 0xeb, 0x72, 0x8d, 0x76, 0x00,
  0x8d, 0x41, 0x01, 0x8b, 0x54, 0x24, 0x1c, 0xc7, 0x04, 0x8a, 0x3f, 0x00,
  0x00, 0x00, 0x8b, 0x5c, 0x24, 0x04, 0x83, 0xc4, 0x10, 0xc3, 0x66, 0x90,
  0x8b, 0x1a, 0xc1, 0xe3, 0x06, 0x8b, 0x04, 0x24, 0x83, 0xe0, 0x3f, 0x09,
  0xd8, 0x89, 0x02, 0x49, 0x89, 0x4a, 0x08, 0x75, 0x63, 0x3b, 0x42, 0x04,
  0x72, 0x16, 0x3d, 0xff, 0xff, 0x10, 0x00, 0x77, 0x0f, 0x8d, 0x90, 0x00,
  0x28, 0xff, 0xff, 0x81, 0xfa, 0xff, 0x07, 0x00, 0x00, 0x77, 0x06, 0x90,
  0xb8, 0x3f, 0x00, 0x00, 0x00, 0x8b, 0x54, 0x24, 0x1c, 0x89, 0x02, 0xb8,
  0x01, 0x00, 0x00, 0x00, 0xe9, 0x59, 0xff, 0xff, 0xff, 0x8d, 0x76, 0x00,
  0xbb, 0x01, 0x00, 0x00, 0x00, 0xbf, 0x80, 0x00, 0x00, 0x00, 0xbe, 0x1f,
  0x00, 0x00, 0x00, 0x89, 0x5a, 0x08, 0x89, 0x7a, 0x04, 0x89, 0xf3, 0x21,
  0xc3, 0x89, 0x1a, 0x89, 0xc8, 0x8b, 0x74, 0x24, 0x08, 0x8b, 0x7c, 0x24,
  0x0c, 0x8b, 0x5c, 0x24, 0x04, 0x83, 0xc4, 0x10, 0xc3, 0x8d, 0x76, 0x00,
  0x31, 0xc0, 0xe9, 0x1f, 0xff, 0xff, 0xff, 0x90, 0xbb, 0x03, 0x00, 0x00,
  0x00, 0xbf, 0x00, 0x00, 0x01, 0x00, 0xbe, 0x07, 0x00, 0x00, 0x00, 0xeb,
  0xc6, 0x8d, 0x76, 0x00, 0x8b, 0x44, 0x24, 0x04, 0x8b, 0x54, 0x24, 0x08,
  0x83, 0xf8, 0x7f, 0x76, 0x67, 0x3d, 0xff, 0x07, 0x00, 0x00, 0x76, 0x68,
  0x8d, 0x88, 0x00, 0x28, 0xff, 0xff, 0x81, 0xf9, 0xff, 0x07, 0x00, 0x00,
  0x76, 0x46, 0x3d, 0xff, 0xff, 0x00, 0x00, 0x76, 0x6f, 0x3d, 0xff, 0xff,
  0x10, 0x00, 0x77, 0x38, 0x89, 0xc1, 0xc1, 0xe9, 0x12, 0x83, 0xc9, 0xf0,
  0x88, 0x0a, 0x89, 0xc1, 0xc1, 0xe9, 0x0c, 0x83, 0xe1, 0x3f, 0x83, 0xc9,
  0x80, 0x88, 0x4a, 0x01, 0x89, 0xc1, 0xc1, 0xe9, 0x06, 0x83, 0xe1, 0x3f,
  0x83, 0xc9, 0x80, 0x88, 0x4a, 0x02, 0x83, 0xe0, 0x3f, 0x83, 0xc8, 0x80,
  0x88, 0x42, 0x03, 0xb8, 0x04, 0x00, 0x00, 0x00, 0xc3, 0x8d, 0x76, 0x00,
  0xc6, 0x02, 0x3f, 0xb8, 0x01, 0x00, 0x00, 0x00, 0xc3, 0x8d, 0x76, 0x00,
  0x88, 0x02, 0xb8, 0x01, 0x00, 0x00, 0x00, 0xc3, 0x89, 0xc1, 0xc1, 0xe9,
  0x06, 0x83, 0xc9, 0xc0, 0x88, 0x0a, 0x83, 0xe0, 0x3f, 0x83, 0xc8, 0x80,
  0x88, 0x42, 0x01, 0xb8, 0x02, 0x00, 0x00, 0x00, 0xc3, 0x8d, 0x76, 0x00,
  0x89, 0xc1, 0xc1, 0xe9, 0x0c, 0x83, 0xc9, 0xe0, 0x88, 0x0a, 0x89, 0xc1,
  0xc1, 0xe9, 0x06, 0x83, 0xe1, 0x3f, 0x83, 0xc9, 0x80, 0x88, 0x4a, 0x01,
  0x83, 0xe0, 0x3f, 0x83, 0xc8, 0x80, 0x88, 0x42, 0x02, 0xb8, 0x03, 0x00,
  0x00, 0x00, 0xc3, 0x90, 0x8b, 0x44, 0x24, 0x04, 0x83, 0xf8, 0x7f, 0x76,
  0x31, 0x8d, 0x90, 0xf0, 0xfb, 0xff, 0xff, 0x83, 0xfa, 0x2f, 0x76, 0x28,
  0x8d, 0x90, 0xc0, 0xfb, 0xff, 0xff, 0x83, 0xfa, 0x0f, 0x76, 0x21, 0x3d,
  0x01, 0x04, 0x00, 0x00, 0x74, 0x1e, 0x3d, 0x51, 0x04, 0x00, 0x00, 0x74,
  0x1b, 0x3d, 0x16, 0x21, 0x00, 0x00, 0x74, 0x04, 0xb0, 0x3f, 0xc3, 0x90,
  0xb0, 0xf2, 0xc3, 0x90, 0x83, 0xc0, 0x70, 0xc3, 0x83, 0xe8, 0x60, 0xc3,
  0xb0, 0xf0, 0xc3, 0x90, 0xb0, 0xf1, 0xc3, 0x90, 0x83, 0xec, 0x24, 0x8a,
  0x44, 0x24, 0x28, 0x88, 0x44, 0x24, 0x16, 0xc6, 0x44, 0x24, 0x17, 0x00,
  0x8d, 0x44, 0x24, 0x16, 0x50, 0x6a, 0x0f, 0xa1, 0x08, 0x40, 0x00, 0x01,
  0xff, 0x50, 0x18, 0x8b, 0x44, 0x24, 0x30, 0x83, 0xc4, 0x2c, 0xc3, 0x90,
  0x83, 0xec, 0x18, 0xff, 0x74, 0x24, 0x1c, 0xa1, 0x08, 0x40, 0x00, 0x01,
  0xff, 0x50, 0x04, 0x31, 0xc0, 0x83, 0xc4, 0x1c, 0xc3, 0x8d, 0x76, 0x00,
  0xa1, 0x08, 0x40, 0x00, 0x01, 0xff, 0x60, 0x74, 0xa1, 0x04, 0x40, 0x00,
  0x01, 0xc3, 0x66, 0x90, 0x8b, 0x44, 0x24, 0x04, 0x85, 0xc0, 0x78, 0x14,
  0x39, 0x05, 0x04, 0x40, 0x00, 0x01, 0x7e, 0x0c, 0x8b, 0x15, 0x00, 0x40,
  0x00, 0x01, 0x8b, 0x04, 0x82, 0xc3, 0x66, 0x90, 0x31, 0xc0, 0xc3, 0x90,
  0x83, 0xec, 0x0c, 0x8b, 0x44, 0x24, 0x10, 0x85, 0xc0, 0x0f, 0x88, 0x80,
  0x00, 0x00, 0x00, 0x3b, 0x05, 0x04, 0x40, 0x00, 0x01, 0x7d, 0x78, 0x8b,
  0x15, 0x00, 0x40, 0x00, 0x01, 0x8b, 0x0c, 0x82, 0x85, 0xc9, 0x74, 0x6b,
  0x8b, 0x44, 0x24, 0x14, 0x85, 0xc0, 0x74, 0x63, 0x89, 0x1c, 0x24, 0x89,
  0x7c, 0x24, 0x08, 0x0f, 0xb6, 0x01, 0x3c, 0x2d, 0x74, 0x42, 0xbf, 0x01,
  0x00, 0x00, 0x00, 0x31, 0xd2, 0x8d, 0x58, 0xd0, 0x80, 0xfb, 0x09, 0x77,
  0x3f, 0x8d, 0x76, 0x00, 0x41, 0x8d, 0x14, 0x92, 0x01, 0xd2, 0x8d, 0x54,
  0x02, 0xd0, 0x0f, 0xb6, 0x01, 0x8d, 0x58, 0xd0, 0x80, 0xfb, 0x09, 0x76,
  0xeb, 0x84, 0xc0, 0x75, 0x23, 0x0f, 0xaf, 0xd7, 0x8b, 0x44, 0x24, 0x14,
  0x89, 0x10, 0x31, 0xc0, 0x8b, 0x1c, 0x24, 0x8b, 0x7c, 0x24, 0x08, 0x83,
  0xc4, 0x0c, 0xc3, 0x90, 0x0f, 0xb6, 0x41, 0x01, 0x41, 0xbf, 0xff, 0xff,
  0xff, 0xff, 0xeb, 0xb7, 0x8b, 0x1c, 0x24, 0x8b, 0x7c, 0x24, 0x08, 0xb8,
  0xff, 0xff, 0xff, 0xff, 0x83, 0xc4, 0x0c, 0xc3, 0x53, 0x83, 0xec, 0x18,
  0x8b, 0x5c, 0x24, 0x20, 0x85, 0xdb, 0x74, 0x30, 0x8b, 0x03, 0x85, 0xc0,
  0x74, 0x2a, 0x6a, 0x01, 0x8d, 0x54, 0x24, 0x13, 0x52, 0xff, 0x73, 0x04,
  0x50, 0xa1, 0x08, 0x40, 0x00, 0x01, 0xff, 0x50, 0x0c, 0x83, 0xc4, 0x10,
  0x85, 0xc0, 0x7e, 0x10, 0x01, 0x43, 0x04, 0x48, 0x75, 0x0a, 0x0f, 0xb6,
  0x44, 0x24, 0x0f, 0x83, 0xc4, 0x18, 0x5b, 0xc3, 0xb8, 0xff, 0xff, 0xff,
  0xff, 0x83, 0xc4, 0x18, 0x5b, 0xc3, 0x66, 0x90, 0x31, 0xc0, 0xc3, 0x90,
  0x8b, 0x44, 0x24, 0x04, 0x85, 0xc0, 0x74, 0x0c, 0x8b, 0x00, 0x85, 0xc0,
  0x0f, 0x94, 0xc0, 0x0f, 0xb6, 0xc0, 0xc3, 0x90, 0xb8, 0x01, 0x00, 0x00,
  0x00, 0xc3, 0x66, 0x90, 0x31, 0xc0, 0xc3, 0x90, 0x83, 0xec, 0x0c, 0x8b,
  0x4c, 0x24, 0x10, 0x8b, 0x54, 0x24, 0x14, 0x85, 0xc9, 0x74, 0x44, 0x8b,
  0x01, 0x85, 0xc0, 0x74, 0x3e, 0x85, 0xd2, 0x78, 0x3a, 0x83, 0x7c, 0x24,
  0x18, 0x01, 0x74, 0x3c, 0x83, 0x7c, 0x24, 0x18, 0x02, 0x74, 0x09, 0x89,
  0x51, 0x04, 0x31, 0xc0, 0x83, 0xc4, 0x0c, 0xc3, 0x89, 0x54, 0x24, 0x14,
  0x89, 0x4c, 0x24, 0x10, 0x83, 0xec, 0x0c, 0x50, 0xa1, 0x08, 0x40, 0x00,
  0x01, 0xff, 0x50, 0x08, 0x83, 0xc4, 0x10, 0x8b, 0x54, 0x24, 0x14, 0x8b,
  0x4c, 0x24, 0x10, 0x01, 0xc2, 0x79, 0xd4, 0xb8, 0xff, 0xff, 0xff, 0xff,
  0xeb, 0xd2, 0x66, 0x90, 0x8b, 0x41, 0x04, 0xeb, 0xee, 0x8d, 0x76, 0x00,
  0x8b, 0x44, 0x24, 0x04, 0x85, 0xc0, 0x74, 0x0c, 0x8b, 0x10, 0x85, 0xd2,
  0x74, 0x06, 0x8b, 0x40, 0x04, 0xc3, 0x66, 0x90, 0xb8, 0xff, 0xff, 0xff,
  0xff, 0xc3, 0x66, 0x90, 0xa1, 0x08, 0x40, 0x00, 0x01, 0xff, 0x60, 0x44,
  0xa1, 0x08, 0x40, 0x00, 0x01, 0xff, 0x60, 0x5c, 0x81, 0xec, 0x2c, 0x01,
  0x00, 0x00, 0x89, 0x9c, 0x24, 0x1c, 0x01, 0x00, 0x00, 0x89, 0xb4, 0x24,
  0x20, 0x01, 0x00, 0x00, 0x89, 0xbc, 0x24, 0x24, 0x01, 0x00, 0x00, 0x8b,
  0x9c, 0x24, 0x30, 0x01, 0x00, 0x00, 0xbf, 0x01, 0x00, 0x00, 0x00, 0x31,
  0xf6, 0x8d, 0x76, 0x00, 0xa1, 0x08, 0x40, 0x00, 0x01, 0xff, 0x50, 0x74,
  0x83, 0xf8, 0x0a, 0x74, 0x2f, 0x83, 0xf8, 0x08, 0x74, 0x7e, 0x8d, 0x50,
  0xe0, 0x83, 0xfa, 0x5e, 0x77, 0x6e, 0x88, 0x44, 0x34, 0x10, 0x81, 0xff,
  0xff, 0x00, 0x00, 0x00, 0x0f, 0x84, 0xf2, 0x00, 0x00, 0x00, 0x89, 0xfe,
  0x47, 0xa1, 0x08, 0x40, 0x00, 0x01, 0xff, 0x50, 0x74, 0x83, 0xf8, 0x0a,
  0x75, 0xd3, 0x66, 0x90, 0xc6, 0x44, 0x34, 0x10, 0x00, 0x8d, 0xb4, 0x24,
  0x34, 0x01, 0x00, 0x00, 0x8a, 0x13, 0x31, 0xc9, 0x84, 0xd2, 0x74, 0x1a,
  0x8d, 0x44, 0x24, 0x10, 0x80, 0xfa, 0x20, 0x0f, 0x84, 0xaa, 0x00, 0x00,
  0x00, 0x80, 0xfa, 0x25, 0x74, 0x3e, 0x38, 0x10, 0x0f, 0x84, 0xc2, 0x00,
  0x00, 0x00, 0x89, 0xc8, 0x8b, 0x9c, 0x24, 0x1c, 0x01, 0x00, 0x00, 0x8b,
  0xb4, 0x24, 0x20, 0x01, 0x00, 0x00, 0x8b, 0xbc, 0x24, 0x24, 0x01, 0x00,
  0x00, 0x81, 0xc4, 0x2c, 0x01, 0x00, 0x00, 0xc3, 0x8d, 0x7e, 0x01, 0xe9,
  0x70, 0xff, 0xff, 0xff, 0x83, 0xfe, 0x01, 0x83, 0xd6, 0xff, 0x8d, 0x7e,
  0x01, 0xe9, 0x62, 0xff, 0xff, 0xff, 0x66, 0x90, 0x8a, 0x53, 0x01, 0x80,
  0xfa, 0x64, 0x0f, 0x84, 0xb4, 0x00, 0x00, 0x00, 0x80, 0xfa, 0x63, 0x74,
  0x7f, 0x80, 0xfa, 0x73, 0x75, 0xb4, 0x89, 0xcf, 0x8a, 0x10, 0x80, 0xfa,
  0x20, 0x74, 0x69, 0x8d, 0x4a, 0xf7, 0x80, 0xf9, 0x01, 0x76, 0x61, 0x89,
  0xf9, 0x84, 0xd2, 0x74, 0x9d, 0x89, 0xf7, 0x83, 0xc6, 0x04, 0x8b, 0x3f,
  0xeb, 0x07, 0x66, 0x90, 0x80, 0xfa, 0x09, 0x74, 0x10, 0x40, 0x47, 0x88,
  0x57, 0xff, 0x8a, 0x10, 0x84, 0xd2, 0x74, 0x05, 0x80, 0xfa, 0x20, 0x75,
  0xeb, 0xc6, 0x07, 0x00, 0x41, 0x83, 0xc3, 0x02, 0x8a, 0x13, 0x84, 0xd2,
  0x0f, 0x84, 0x6c, 0xff, 0xff, 0xff, 0x80, 0xfa, 0x20, 0x0f, 0x85, 0x56,
  0xff, 0xff, 0xff, 0x43, 0x8a, 0x10, 0x80, 0xfa, 0x20, 0x74, 0x08, 0x83,
  0xea, 0x09, 0x80, 0xfa, 0x01, 0x77, 0xdd, 0x40, 0xeb, 0xee, 0x66, 0x90,
  0xbe, 0xff, 0x00, 0x00, 0x00, 0xe9, 0x16, 0xff, 0xff, 0xff, 0x66, 0x90,
  0x40, 0xeb, 0x8d, 0x90, 0x40, 0x43, 0xeb, 0xc4, 0x89, 0xcf, 0x66, 0x90,
  0x8a, 0x10, 0x80, 0xfa, 0x20, 0x74, 0x21, 0x8d, 0x4a, 0xf7, 0x80, 0xf9,
  0x01, 0x76, 0x19, 0x89, 0xf9, 0x84, 0xd2, 0x0f, 0x84, 0x1d, 0xff, 0xff,
  0xff, 0x40, 0x89, 0xf7, 0x83, 0xc6, 0x04, 0x8b, 0x3f, 0x88, 0x17, 0x41,
  0xeb, 0x97, 0x66, 0x90, 0x40, 0xeb, 0xd5, 0x90, 0x89, 0xac, 0x24, 0x28,
  0x01, 0x00, 0x00, 0x89, 0xcf, 0x8d, 0x76, 0x00, 0x8a, 0x10, 0x80, 0xfa,
  0x20, 0x74, 0x61, 0x8d, 0x4a, 0xf7, 0x80, 0xf9, 0x01, 0x76, 0x59, 0x89,
  0xd5, 0x89, 0xf9, 0x80, 0xfa, 0x2d, 0x74, 0x53, 0xc7, 0x44, 0x24, 0x0c,
  0x01, 0x00, 0x00, 0x00, 0x8d, 0x55, 0xd0, 0x80, 0xfa, 0x09, 0x77, 0x52,
  0x31, 0xff, 0x89, 0xea, 0x89, 0xcd, 0x66, 0x90, 0x40, 0x8d, 0x3c, 0xbf,
  0x01, 0xff, 0x0f, 0xb6, 0xd2, 0x8d, 0x7c, 0x17, 0xd0, 0x8a, 0x10, 0x8d,
  0x4a, 0xd0, 0x80, 0xf9, 0x09, 0x76, 0xe9, 0x89, 0xf2, 0x83, 0xc6, 0x04,
  0x8b, 0x12, 0x8d, 0x4d, 0x01, 0x8b, 0x6c, 0x24, 0x0c, 0x0f, 0xaf, 0xfd,
  0x89, 0x3a, 0x8b, 0xac, 0x24, 0x28, 0x01, 0x00, 0x00, 0xe9, 0x1f, 0xff,
  0xff, 0xff, 0x66, 0x90, 0x40, 0xeb, 0x95, 0x0f, 0xb6, 0x68, 0x01, 0x40,
  0xc7, 0x44, 0x24, 0x0c, 0xff, 0xff, 0xff, 0xff, 0xeb, 0xa6, 0x8b, 0xac,
  0x24, 0x28, 0x01, 0x00, 0x00, 0xe9, 0x78, 0xfe, 0xff, 0xff, 0x66, 0x90,
  0x83, 0xec, 0x1c, 0x89, 0x7c, 0x24, 0x14, 0x89, 0x6c, 0x24, 0x18, 0x8b,
  0x6c, 0x24, 0x20, 0x8b, 0x7c, 0x24, 0x24, 0x85, 0xed, 0x74, 0x40, 0x85,
  0xff, 0x74, 0x3c, 0x80, 0x3f, 0x00, 0x74, 0x37, 0x83, 0xec, 0x0c, 0x55,
  0xa1, 0x08, 0x40, 0x00, 0x01, 0xff, 0x50, 0x08, 0x89, 0xc2, 0x8a, 0x07,
  0x83, 0xc4, 0x10, 0x3c, 0x72, 0x74, 0x31, 0x3c, 0x61, 0x75, 0x31, 0x85,
  0xd2, 0x79, 0x2d, 0x51, 0x6a, 0x00, 0x68, 0x06, 0x20, 0x00, 0x01, 0x55,
  0xa1, 0x08, 0x40, 0x00, 0x01, 0xff, 0x50, 0x10, 0x83, 0xc4, 0x10, 0x85,
  0xc0, 0x74, 0x15, 0x31, 0xc0, 0x8b, 0x7c, 0x24, 0x14, 0x8b, 0x6c, 0x24,
  0x18, 0x83, 0xc4, 0x1c, 0xc3, 0x8d, 0x76, 0x00, 0x85, 0xd2, 0x78, 0xeb,
  0x89, 0x5c, 0x24, 0x0c, 0x89, 0x74, 0x24, 0x10, 0xbb, 0x20, 0x40, 0x00,
  0x01, 0x31, 0xf6, 0x8b, 0x13, 0x85, 0xd2, 0x74, 0x13, 0x46, 0x83, 0xc3,
  0x0c, 0x83, 0xfe, 0x04, 0x75, 0xf1, 0x8b, 0x5c, 0x24, 0x0c, 0x8b, 0x74,
  0x24, 0x10, 0xeb, 0xc3, 0x89, 0x2b, 0xc7, 0x43, 0x04, 0x00, 0x00, 0x00,
  0x00, 0x31, 0xc0, 0x80, 0x3f, 0x61, 0x0f, 0x94, 0xc0, 0x89, 0x43, 0x08,
  0x80, 0x3f, 0x77, 0x75, 0x6f, 0x50, 0x6a, 0x00, 0x68, 0x06, 0x20, 0x00,
  0x01, 0x55, 0xa1, 0x08, 0x40, 0x00, 0x01, 0xff, 0x50, 0x10, 0x83, 0xc4,
  0x10, 0x85, 0xc0, 0x75, 0x4b, 0x8d, 0x1c, 0x36, 0x8d, 0x04, 0x33, 0x8b,
  0x04, 0x85, 0x28, 0x40, 0x00, 0x01, 0x85, 0xc0, 0x74, 0x1d, 0x83, 0xec,
  0x0c, 0x55, 0xa1, 0x08, 0x40, 0x00, 0x01, 0xff, 0x50, 0x08, 0x83, 0xc4,
  0x10, 0x85, 0xc0, 0x78, 0x0a, 0x8d, 0x14, 0x33, 0x89, 0x04, 0x95, 0x24,
  0x40, 0x00, 0x01, 0x01, 0xf3, 0x8d, 0x04, 0x9d, 0x20, 0x40, 0x00, 0x01,
  0x8b, 0x5c, 0x24, 0x0c, 0x8b, 0x74, 0x24, 0x10, 0x8b, 0x7c, 0x24, 0x14,
  0x8b, 0x6c, 0x24, 0x18, 0x83, 0xc4, 0x1c, 0xc3, 0xc7, 0x03, 0x00, 0x00,
  0x00, 0x00, 0xe9, 0x66, 0xff, 0xff, 0xff, 0x90, 0x8d, 0x1c, 0x36, 0xeb,
  0xb1, 0x8d, 0x76, 0x00, 0x8b, 0x44, 0x24, 0x04, 0x85, 0xc0, 0x74, 0x0f,
  0x8b, 0x10, 0x85, 0xd2, 0x74, 0x09, 0xc7, 0x00, 0x00, 0x00, 0x00, 0x00,
  0x31, 0xc0, 0xc3, 0xb8, 0xff, 0xff, 0xff, 0xff, 0xc3, 0x8d, 0x76, 0x00,
  0x83, 0xec, 0x0c, 0x8b, 0x54, 0x24, 0x1c, 0x85, 0xd2, 0x74, 0x4d, 0x8b,
  0x02, 0x85, 0xc0, 0x74, 0x47, 0x8b, 0x4c, 0x24, 0x14, 0x85, 0xc9, 0x74,
  0x3f, 0x8b, 0x4c, 0x24, 0x18, 0x85, 0xc9, 0x74, 0x37, 0x8b, 0x4c, 0x24,
  0x14, 0x0f, 0xaf, 0x4c, 0x24, 0x18, 0x51, 0xff, 0x74, 0x24, 0x14, 0xff,
  0x72, 0x04, 0x89, 0x54, 0x24, 0x28, 0x50, 0xa1, 0x08, 0x40, 0x00, 0x01,
  0xff, 0x50, 0x0c, 0x83, 0xc4, 0x10, 0x85, 0xc0, 0x7e, 0x12, 0x8b, 0x54,
  0x24, 0x1c, 0x01, 0x42, 0x04, 0x31, 0xd2, 0xf7, 0x74, 0x24, 0x14, 0x83,
  0xc4, 0x0c, 0xc3, 0x90, 0x31, 0xc0, 0x83, 0xc4, 0x0c, 0xc3, 0x66, 0x90,
  0x83, 0xec, 0x0c, 0x8b, 0x54, 0x24, 0x1c, 0x85, 0xd2, 0x74, 0x5d, 0x8b,
  0x02, 0x85, 0xc0, 0x74, 0x57, 0x8b, 0x4c, 0x24, 0x14, 0x85, 0xc9, 0x74,
  0x4f, 0x8b, 0x4c, 0x24, 0x18, 0x85, 0xc9, 0x74, 0x3b, 0x89, 0x5c, 0x24,
  0x08, 0x8b, 0x4c, 0x24, 0x14, 0x0f, 0xaf, 0x4c, 0x24, 0x18, 0x89, 0xcb,
  0x8b, 0x0d, 0x08, 0x40, 0x00, 0x01, 0x83, 0x7a, 0x08, 0x00, 0x74, 0x34,
  0x89, 0x54, 0x24, 0x1c, 0x52, 0x53, 0xff, 0x74, 0x24, 0x18, 0x50, 0xff,
  0x51, 0x14, 0x83, 0xc4, 0x10, 0x8b, 0x54, 0x24, 0x1c, 0x85, 0xc0, 0x75,
  0x0f, 0x01, 0x5a, 0x04, 0x8b, 0x5c, 0x24, 0x08, 0x8b, 0x44, 0x24, 0x18,
  0x83, 0xc4, 0x0c, 0xc3, 0x8b, 0x5c, 0x24, 0x08, 0x31, 0xc0, 0x83, 0xc4,
  0x0c, 0xc3, 0x66, 0x90, 0x83, 0x7a, 0x04, 0x00, 0x75, 0xc6, 0x89, 0x54,
  0x24, 0x1c, 0x52, 0x53, 0xff, 0x74, 0x24, 0x18, 0x50, 0xff, 0x51, 0x10,
  0x83, 0xc4, 0x10, 0x8b, 0x54, 0x24, 0x1c, 0xeb, 0xc4, 0x8d, 0x76, 0x00,
  0x83, 0xec, 0x1c, 0x8b, 0x44, 0x24, 0x24, 0x39, 0x05, 0x04, 0x30, 0x00,
  0x01, 0x74, 0x41, 0x3b, 0x05, 0x00, 0x30, 0x00, 0x01, 0x74, 0x39, 0x85,
  0xc0, 0x74, 0x23, 0x8b, 0x10, 0x85, 0xd2, 0x74, 0x1d, 0x8a, 0x54, 0x24,
  0x20, 0x88, 0x54, 0x24, 0x0e, 0x50, 0x6a, 0x01, 0x6a, 0x01, 0x8d, 0x44,
  0x24, 0x1a, 0x50, 0xe8, 0x38, 0xff, 0xff, 0xff, 0x83, 0xc4, 0x10, 0x48,
  0x74, 0x34, 0xc7, 0x44, 0x24, 0x20, 0xff, 0xff, 0xff, 0xff, 0x8b, 0x44,
  0x24, 0x20, 0x83, 0xc4, 0x1c, 0xc3, 0x66, 0x90, 0x8a, 0x44, 0x24, 0x20,
  0x88, 0x44, 0x24, 0x0e, 0xc6, 0x44, 0x24, 0x0f, 0x00, 0x83, 0xec, 0x08,
  0x8d, 0x44, 0x24, 0x16, 0x50, 0x6a, 0x0f, 0xa1, 0x08, 0x40, 0x00, 0x01,
  0xff, 0x50, 0x18, 0x83, 0xc4, 0x10, 0x8b, 0x44, 0x24, 0x20, 0x83, 0xc4,
  0x1c, 0xc3, 0x66, 0x90, 0x83, 0xec, 0x5c, 0x89, 0x5c, 0x24, 0x4c, 0x89,
  0x7c, 0x24, 0x54, 0x89, 0x6c, 0x24, 0x58, 0x89, 0x44, 0x24, 0x08, 0x89,
  0x14, 0x24, 0x8b, 0x7c, 0x24, 0x60, 0x8b, 0x5c, 0x24, 0x64, 0x0f, 0xb6,
  0x07, 0x84, 0xc0, 0x0f, 0x84, 0xfb, 0x04, 0x00, 0x00, 0x89, 0x74, 0x24,
  0x50, 0x89, 0x4c, 0x24, 0x04, 0x31, 0xd2, 0x89, 0xfd, 0x3c, 0x25, 0x74,
  0x69, 0x45, 0x8d, 0x72, 0x01, 0x8b, 0x3c, 0x24, 0x85, 0xff, 0x74, 0x2c,
  0x39, 0x74, 0x24, 0x04, 0x7e, 0x06, 0x8b, 0x3c, 0x24, 0x88, 0x04, 0x17,
  0x8a, 0x45, 0x00, 0x84, 0xc0, 0x0f, 0x84, 0x04, 0x05, 0x00, 0x00, 0x3c,
  0x25, 0x74, 0x41, 0x45, 0x8d, 0x4e, 0x01, 0x89, 0xf2, 0x89, 0xce, 0x39,
  0x74, 0x24, 0x04, 0x7f, 0xdd, 0xeb, 0xe1, 0x90, 0x8b, 0x7c, 0x24, 0x08,
  0x85, 0xff, 0x0f, 0x84, 0x02, 0x01, 0x00, 0x00, 0x83, 0xec, 0x08, 0x57,
  0x50, 0xe8, 0xfe, 0xfe, 0xff, 0xff, 0x0f, 0xb6, 0x45, 0x00, 0x83, 0xc4,
  0x10, 0x84, 0xc0, 0x0f, 0x84, 0xd1, 0x04, 0x00, 0x00, 0x3c, 0x25, 0x0f,
  0x85, 0xbb, 0x01, 0x00, 0x00, 0x8d, 0x76, 0x00, 0x89, 0xf2, 0x8a, 0x45,
  0x01, 0x88, 0xc1, 0x3c, 0x64, 0x0f, 0x84, 0xdd, 0x01, 0x00, 0x00, 0x3c,
  0x75, 0x0f, 0x84, 0xdd, 0x00, 0x00, 0x00, 0x3c, 0x63, 0x74, 0x75, 0x3c,
  0x73, 0x0f, 0x84, 0xc9, 0x02, 0x00, 0x00, 0x3c, 0x25, 0x0f, 0x84, 0x41,
  0x01, 0x00, 0x00, 0x8d, 0x72, 0x02, 0x8b, 0x3c, 0x24, 0x85, 0xff, 0x0f,
  0x84, 0x7f, 0x02, 0x00, 0x00, 0x8d, 0x42, 0x01, 0x3b, 0x44, 0x24, 0x04,
  0x7d, 0x0a, 0x8b, 0x3c, 0x24, 0xc6, 0x04, 0x17, 0x25, 0x8a, 0x4d, 0x01,
  0x39, 0x74, 0x24, 0x04, 0x0f, 0x8f, 0x3e, 0x01, 0x00, 0x00, 0x89, 0xf2,
  0x84, 0xc9, 0x75, 0x55, 0x89, 0xd5, 0x8b, 0x04, 0x24, 0x85, 0xc0, 0x74,
  0x5f, 0x8b, 0x7c, 0x24, 0x04, 0x85, 0xff, 0x7e, 0x57, 0x39, 0xef, 0x0f,
  0x8f, 0x83, 0x03, 0x00, 0x00, 0x8b, 0x04, 0x24, 0x8b, 0x7c, 0x24, 0x04,
  0x8d, 0x44, 0x38, 0xff, 0x89, 0x04, 0x24, 0x8b, 0x74, 0x24, 0x50, 0x8b,
  0x04, 0x24, 0xc6, 0x00, 0x00, 0xeb, 0x39, 0x90, 0x8d, 0x7b, 0x04, 0x8b,
  0x03, 0x8d, 0x72, 0x01, 0x8b, 0x1c, 0x24, 0x85, 0xdb, 0x0f, 0x84, 0xcd,
  0x02, 0x00, 0x00, 0x3b, 0x74, 0x24, 0x04, 0x0f, 0x8c, 0xfb, 0x00, 0x00,
  0x00, 0x89, 0xf2, 0x89, 0xfb, 0x0f, 0xb6, 0x45, 0x02, 0x84, 0xc0, 0x74,
  0xa3, 0x83, 0xc5, 0x02, 0xe9, 0xd4, 0xfe, 0xff, 0xff, 0x8d, 0x76, 0x00,
  0x8b, 0x74, 0x24, 0x50, 0x89, 0xe8, 0x8b, 0x5c, 0x24, 0x4c, 0x8b, 0x7c,
  0x24, 0x54, 0x8b, 0x6c, 0x24, 0x58, 0x83, 0xc4, 0x5c, 0xc3, 0x66, 0x90,
  0x45, 0x46, 0x8a, 0x45, 0x00, 0x84, 0xc0, 0x0f, 0x84, 0xdd, 0x03, 0x00,
  0x00, 0x3c, 0x25, 0x75, 0xef, 0x89, 0xf2, 0xe9, 0x0e, 0xff, 0xff, 0xff,
  0x8d, 0x7b, 0x04, 0x89, 0x7c, 0x24, 0x0c, 0x8b, 0x1b, 0x31, 0xc9, 0x89,
  0x54, 0x24, 0x10, 0x89, 0x6c, 0x24, 0x60, 0x89, 0xc6, 0x8d, 0x76, 0x00,
  0x89, 0xcf, 0x41, 0xb8, 0xcd, 0xcc, 0xcc, 0xcc, 0xf7, 0xe3, 0xc1, 0xea,
  0x03, 0x8d, 0x04, 0x92, 0x01, 0xc0, 0x89, 0xdd, 0x29, 0xc5, 0x8d, 0x45,
  0x30, 0x88, 0x44, 0x0c, 0x2f, 0x83, 0xfb, 0x09, 0x89, 0xd3, 0x77, 0xdc,
  0x8b, 0x54, 0x24, 0x10, 0x8b, 0x6c, 0x24, 0x60, 0x89, 0xf0, 0x01, 0xca,
  0x8d, 0x5c, 0x3c, 0x30, 0x89, 0xd6, 0x29, 0xfe, 0x8b, 0x3c, 0x24, 0x85,
  0xff, 0x0f, 0x85, 0x82, 0x03, 0x00, 0x00, 0x8b, 0x4c, 0x24, 0x08, 0x85,
  0xc9, 0x74, 0x06, 0xeb, 0x67, 0x8d, 0x76, 0x00, 0x46, 0x39, 0xf2, 0x75,
  0xfb, 0x88, 0xc1, 0x8b, 0x5c, 0x24, 0x0c, 0xe9, 0xec, 0xfe, 0xff, 0xff,
  0x8d, 0x72, 0x01, 0x8b, 0x04, 0x24, 0x85, 0xc0, 0x0f, 0x84, 0x5a, 0x02,
  0x00, 0x00, 0x39, 0x74, 0x24, 0x04, 0x0f, 0x8e, 0x14, 0x02, 0x00, 0x00,
  0xc6, 0x04, 0x10, 0x25, 0x8a, 0x4d, 0x01, 0x89, 0xf2, 0xe9, 0xc6, 0xfe,
  0xff, 0xff, 0x66, 0x90, 0x8b, 0x04, 0x24, 0x88, 0x4c, 0x10, 0x01, 0x8a,
  0x4d, 0x01, 0x89, 0xf2, 0xe9, 0xb3, 0xfe, 0xff, 0xff, 0x8d, 0x76, 0x00,
  0x88, 0x04, 0x13, 0x8a, 0x4d, 0x01, 0x89, 0xfb, 0x89, 0xf2, 0xe9, 0xa1,
  0xfe, 0xff, 0xff, 0x90, 0x45, 0x46, 0xe9, 0x15, 0xfe, 0xff, 0xff, 0x90,
  0x8d, 0x7a, 0x01, 0x89, 0x54, 0x24, 0x10, 0x83, 0xec, 0x08, 0xff, 0x74,
  0x24, 0x10, 0x0f, 0xbe, 0x03, 0x50, 0xe8, 0x0d, 0xfd, 0xff, 0xff, 0x4b,
  0x46, 0x83, 0xc4, 0x10, 0x39, 0xf7, 0x75, 0xe7, 0x8b, 0x54, 0x24, 0x10,
  0x8a, 0x45, 0x01, 0xe9, 0x75, 0xff, 0xff, 0xff, 0x8d, 0x73, 0x04, 0x89,
  0x74, 0x24, 0x10, 0x8b, 0x1b, 0x89, 0xd9, 0x85, 0xdb, 0x79, 0x02, 0xf7,
  0xd9, 0x85, 0xdb, 0x0f, 0x88, 0x03, 0x02, 0x00, 0x00, 0xc7, 0x44, 0x24,
  0x0c, 0x00, 0x00, 0x00, 0x00, 0x31, 0xf6, 0x89, 0x54, 0x24, 0x18, 0x89,
  0x6c, 0x24, 0x60, 0x88, 0x44, 0x24, 0x1f, 0x90, 0x89, 0xf5, 0x46, 0x8d,
  0x5c, 0x34, 0x23, 0x89, 0xc8, 0xbf, 0x0a, 0x00, 0x00, 0x00, 0x31, 0xd2,
  0xf7, 0xf7, 0x83, 0xc2, 0x30, 0x88, 0x13, 0x89, 0xcf, 0xb8, 0xcd, 0xcc,
  0xcc, 0xcc, 0xf7, 0xe1, 0x89, 0xd1, 0xc1, 0xe9, 0x03, 0x83, 0xff, 0x09,
  0x77, 0xd6, 0x89, 0x6c, 0x24, 0x14, 0x8b, 0x54, 0x24, 0x18, 0x8b, 0x6c,
  0x24, 0x60, 0x8a, 0x44, 0x24, 0x1f, 0x8d, 0x7c, 0x24, 0x30, 0x8b, 0x4c,
  0x24, 0x0c, 0x8d, 0x4c, 0x0c, 0x30, 0x88, 0x44, 0x24, 0x18, 0x66, 0x90,
  0x8a, 0x03, 0x88, 0x01, 0x4b, 0x41, 0x8d, 0x44, 0x24, 0x23, 0x39, 0xd8,
  0x75, 0xf2, 0x8a, 0x44, 0x24, 0x18, 0x8b, 0x5c, 0x24, 0x14, 0x8b, 0x4c,
  0x24, 0x0c, 0x01, 0xcb, 0x01, 0xf1, 0xc6, 0x44, 0x0c, 0x30, 0x00, 0x8b,
  0x34, 0x24, 0x85, 0xf6, 0x0f, 0x85, 0x86, 0x01, 0x00, 0x00, 0x31, 0xf6,
  0x83, 0x7c, 0x24, 0x08, 0x00, 0x74, 0x06, 0xe9, 0xfc, 0x00, 0x00, 0x00,
  0x46, 0x39, 0xf3, 0x7f, 0xfb, 0x01, 0xca, 0x88, 0xc1, 0x8b, 0x5c, 0x24,
  0x10, 0xe9, 0xa2, 0xfd, 0xff, 0xff, 0x66, 0x90, 0x8b, 0x7c, 0x24, 0x08,
  0x85, 0xff, 0x0f, 0x84, 0x92, 0xfd, 0xff, 0xff, 0x83, 0xec, 0x08, 0x57,
  0x6a, 0x25, 0xe8, 0x15, 0xfc, 0xff, 0xff, 0x5a, 0x59, 0x57, 0x0f, 0xbe,
  0x45, 0x01, 0x50, 0xe8, 0x08, 0xfc, 0xff, 0xff, 0x8a, 0x4d, 0x01, 0x83,
  0xc4, 0x10, 0x89, 0xf2, 0xe9, 0x6f, 0xfd, 0xff, 0xff, 0x8d, 0x76, 0x00,
  0x8d, 0x7b, 0x04, 0x8b, 0x33, 0x85, 0xf6, 0x0f, 0x84, 0xa7, 0x01, 0x00,
  0x00, 0x0f, 0xbe, 0x0e, 0x84, 0xc9, 0x0f, 0x84, 0xab, 0xfd, 0xff, 0xff,
  0x8d, 0x5a, 0x01, 0x29, 0xd6, 0x8b, 0x14, 0x24, 0x85, 0xd2, 0x75, 0x20,
  0x8b, 0x54, 0x24, 0x08, 0x85, 0xd2, 0x74, 0x05, 0xeb, 0x3b, 0x66, 0x90,
  0x43, 0x80, 0x3c, 0x1e, 0x00, 0x75, 0xf9, 0x89, 0xda, 0xeb, 0x22, 0x90,
  0x8a, 0x0c, 0x1e, 0x84, 0xc9, 0x74, 0x15, 0x43, 0x39, 0x5c, 0x24, 0x04,
  0x7e, 0xf2, 0x8b, 0x04, 0x24, 0x88, 0x4c, 0x18, 0xff, 0x8a, 0x0c, 0x1e,
  0x84, 0xc9, 0x75, 0xeb, 0x89, 0xda, 0x8a, 0x45, 0x01, 0x88, 0xc1, 0x89,
  0xfb, 0xe9, 0x06, 0xfd, 0xff, 0xff, 0x66, 0x90, 0x43, 0x83, 0xec, 0x08,
  0xff, 0x74, 0x24, 0x10, 0x51, 0xe8, 0x82, 0xfb, 0xff, 0xff, 0x0f, 0xbe,
  0x0c, 0x1e, 0x83, 0xc4, 0x10, 0x84, 0xc9, 0x75, 0xe7, 0xeb, 0xd5, 0x90,
  0x8b, 0x54, 0x24, 0x08, 0x85, 0xd2, 0x0f, 0x84, 0x31, 0xfd, 0xff, 0xff,
  0x83, 0xec, 0x08, 0x52, 0x0f, 0xbe, 0xc0, 0x50, 0xe8, 0x5b, 0xfb, 0xff,
  0xff, 0x8a, 0x4d, 0x01, 0x83, 0xc4, 0x10, 0x89, 0xfb, 0x89, 0xf2, 0xe9,
  0xc0, 0xfc, 0xff, 0xff, 0x89, 0xf2, 0xe9, 0x12, 0xfd, 0xff, 0xff, 0x90,
  0x89, 0x4c, 0x24, 0x0c, 0x89, 0x54, 0x24, 0x14, 0x83, 0xec, 0x08, 0xff,
  0x74, 0x24, 0x10, 0x0f, 0xbe, 0x04, 0x37, 0x50, 0xe8, 0x2b, 0xfb, 0xff,
  0xff, 0x89, 0xf0, 0x46, 0x83, 0xc4, 0x10, 0x39, 0xc3, 0x7f, 0xe5, 0x8b,
  0x4c, 0x24, 0x0c, 0x8b, 0x54, 0x24, 0x14, 0x8a, 0x45, 0x01, 0xe9, 0xd6,
  0xfe, 0xff, 0xff, 0x90, 0x8b, 0x44, 0x24, 0x08, 0x85, 0xc0, 0x74, 0xbc,
  0x83, 0xec, 0x08, 0xff, 0x74, 0x24, 0x10, 0x6a, 0x25, 0xe8, 0xfa, 0xfa,
  0xff, 0xff, 0x8a, 0x4d, 0x01, 0x83, 0xc4, 0x10, 0x89, 0xf2, 0xe9, 0x61,
  0xfc, 0xff, 0xff, 0x90, 0x01, 0xe8, 0x89, 0x04, 0x24, 0x8b, 0x74, 0x24,
  0x50, 0xe9, 0x81, 0xfc, 0xff, 0xff, 0x66, 0x90, 0xc6, 0x44, 0x24, 0x30,
  0x2d, 0xc7, 0x44, 0x24, 0x0c, 0x01, 0x00, 0x00, 0x00, 0xe9, 0xf3, 0xfd,
  0xff, 0xff, 0x66, 0x90, 0x8d, 0x42, 0x01, 0x31, 0xf6, 0x89, 0x4c, 0x24,
  0x14, 0x8d, 0x76, 0x00, 0x89, 0xf1, 0x89, 0x54, 0x24, 0x0c, 0x39, 0x44,
  0x24, 0x04, 0x7e, 0x16, 0x8b, 0x34, 0x24, 0x8a, 0x14, 0x0f, 0x88, 0x54,
  0x06, 0xff, 0x40, 0x39, 0xcb, 0x7e, 0x29, 0x41, 0x39, 0x44, 0x24, 0x04,
  0x7f, 0xea, 0x8b, 0x54, 0x24, 0x0c, 0x8d, 0x71, 0x01, 0x40, 0x39, 0xcb,
  0x7f, 0xd2, 0x8b, 0x4c, 0x24, 0x14, 0x8a, 0x45, 0x01, 0x01, 0xca, 0x88,
  0xc1, 0x8b, 0x5c, 0x24, 0x10, 0xe9, 0xee, 0xfb, 0xff, 0xff, 0x66, 0x90,
  0x8b, 0x4c, 0x24, 0x14, 0x8b, 0x54, 0x24, 0x0c, 0x8a, 0x45, 0x01, 0x01,
  0xca, 0x88, 0xc1, 0x8b, 0x5c, 0x24, 0x10, 0xe9, 0xd4, 0xfb, 0xff, 0xff,
  0x31, 0xed, 0x8b, 0x04, 0x24, 0x85, 0xc0, 0x0f, 0x84, 0x37, 0xfc, 0xff,
  0xff, 0x85, 0xc9, 0x0f, 0x8f, 0xee, 0xfb, 0xff, 0xff, 0xe9, 0x2a, 0xfc,
  0xff, 0xff, 0x66, 0x90, 0xb9, 0x28, 0x00, 0x00, 0x00, 0xbe, 0x00, 0x20,
  0x00, 0x01, 0x8d, 0x5a, 0x01, 0x29, 0xd6, 0x8b, 0x14, 0x24, 0x85, 0xd2,
  0x0f, 0x84, 0x56, 0xfe, 0xff, 0xff, 0xe9, 0x71, 0xfe, 0xff, 0xff, 0x89,
  0xf5, 0xe9, 0x98, 0xfb, 0xff, 0xff, 0x89, 0xf5, 0x8b, 0x74, 0x24, 0x50,
  0xe9, 0xf7, 0xfb, 0xff, 0xff, 0x8b, 0x3c, 0x24, 0x8b, 0x4c, 0x24, 0x04,
  0x89, 0xf0, 0x89, 0xd6, 0x39, 0xc1, 0x7e, 0x10, 0x8a, 0x13, 0x88, 0x54,
  0x07, 0xff, 0x4b, 0x39, 0xc6, 0x74, 0x1d, 0x40, 0x39, 0xc1, 0x7f, 0xf0,
  0x89, 0xf2, 0x4b, 0x8d, 0x70, 0x01, 0x39, 0xc2, 0x75, 0xde, 0x8a, 0x45,
  0x01, 0x88, 0xc1, 0x8b, 0x5c, 0x24, 0x0c, 0xe9, 0x50, 0xfb, 0xff, 0xff,
  0x89, 0xf2, 0x8a, 0x45, 0x01, 0x88, 0xc1, 0x8b, 0x5c, 0x24, 0x0c, 0xe9,
  0x40, 0xfb, 0xff, 0xff, 0x31, 0xc9, 0x31, 0xd2, 0xa1, 0x04, 0x30, 0x00,
  0x01, 0xe9, 0x3a, 0xfa, 0xff, 0xff, 0x66, 0x90, 0x83, 0xec, 0x0c, 0x8d,
  0x44, 0x24, 0x18, 0x83, 0xec, 0x08, 0x50, 0xff, 0x74, 0x24, 0x20, 0x31,
  0xc9, 0x31, 0xd2, 0x8b, 0x44, 0x24, 0x20, 0xe8, 0x1c, 0xfa, 0xff, 0xff,
  0x83, 0xc4, 0x1c, 0xc3, 0x8b, 0x54, 0x24, 0x04, 0x8b, 0x4c, 0x24, 0x08,
  0x8b, 0x44, 0x24, 0x10, 0x89, 0x44, 0x24, 0x08, 0x8b, 0x44, 0x24, 0x0c,
  0x89, 0x44, 0x24, 0x04, 0x31, 0xc0, 0xe9, 0xf9, 0xf9, 0xff, 0xff, 0x90,
  0x83, 0xec, 0x0c, 0x8d, 0x44, 0x24, 0x1c, 0x83, 0xec, 0x08, 0x50, 0xff,
  0x74, 0x24, 0x24, 0x8b, 0x4c, 0x24, 0x24, 0x8b, 0x54, 0x24, 0x20, 0x31,
  0xc0, 0xe8, 0xda, 0xf9, 0xff, 0xff, 0x83, 0xc4, 0x1c, 0xc3, 0x66, 0x90,
  0x83, 0xec, 0x0c, 0x8d, 0x44, 0x24, 0x14, 0x83, 0xec, 0x08, 0x50, 0xff,
  0x74, 0x24, 0x1c, 0x31, 0xc9, 0x31, 0xd2, 0xa1, 0x04, 0x30, 0x00, 0x01,
  0xe8, 0xb7, 0xf9, 0xff, 0xff, 0x83, 0xc4, 0x1c, 0xc3, 0x8d, 0x76, 0x00,
  0x83, 0xec, 0x0c, 0x89, 0x1c, 0x24, 0x89, 0x74, 0x24, 0x04, 0x8b, 0x5c,
  0x24, 0x10, 0x8b, 0x74, 0x24, 0x14, 0x85, 0xdb, 0x74, 0x53, 0x0f, 0xb6,
  0x03, 0x84, 0xc0, 0x74, 0x48, 0x89, 0x7c, 0x24, 0x08, 0x31, 0xff, 0xeb,
  0x0c, 0x8d, 0x76, 0x00, 0x47, 0x0f, 0xb6, 0x04, 0x3b, 0x84, 0xc0, 0x74,
  0x23, 0x83, 0xec, 0x08, 0x56, 0x50, 0xe8, 0xf9, 0xf8, 0xff, 0xff, 0x83,
  0xc4, 0x10, 0x83, 0xf8, 0xff, 0x75, 0xe5, 0x8b, 0x7c, 0x24, 0x08, 0x8b,
  0x1c, 0x24, 0x8b, 0x74, 0x24, 0x04, 0x83, 0xc4, 0x0c, 0xc3, 0x66, 0x90,
  0x89, 0xf8, 0x8b, 0x7c, 0x24, 0x08, 0x8b, 0x1c, 0x24, 0x8b, 0x74, 0x24,
  0x04, 0x83, 0xc4, 0x0c, 0xc3, 0x31, 0xc0, 0xeb, 0xde, 0xb8, 0xff, 0xff,
  0xff, 0xff, 0xeb, 0xd7, 0x8d, 0x4c, 0x24, 0x04, 0x83, 0xe4, 0xf0, 0xff,
  0x71, 0xfc, 0x55, 0x89, 0xe5, 0x51, 0x83, 0xec, 0x10, 0x68, 0x08, 0x20,
  0x00, 0x01, 0xe8, 0x79, 0xf2, 0xff, 0xff, 0x83, 0xc4, 0x10, 0x31, 0xc0,
  0x8b, 0x4d, 0xfc, 0xc9, 0x8d, 0x61, 0xfc, 0xc3, 0x00, 0x00, 0x00, 0x00,
  0x00, 0x00, 0x00, 0x00, 0x00, 0x00, 0x00, 0x00, 0x00, 0x00, 0x00, 0x00,
  0x00, 0x00, 0x00, 0x00, 0x00, 0x00, 0x00, 0x00, 0x00, 0x00, 0x00, 0x00,
  0x00, 0x00, 0x00, 0x00, 0x00, 0x00, 0x00, 0x00, 0x00, 0x00, 0x00, 0x00,
  0x00, 0x00, 0x00, 0x00, 0x00, 0x00, 0x00, 0x00, 0x00, 0x00, 0x00, 0x00,
  0x00, 0x00, 0x00, 0x00, 0x00, 0x00, 0x00, 0x00, 0x00, 0x00, 0x00, 0x00,
  0x00, 0x00, 0x00, 0x00, 0x00, 0x00, 0x00, 0x00, 0x00, 0x00, 0x00, 0x00,
  0x00, 0x00, 0x00, 0x00, 0x00, 0x00, 0x00, 0x00, 0x00, 0x00, 0x00, 0x00,
  0x00, 0x00, 0x00, 0x00, 0x00, 0x00, 0x00, 0x00, 0x00, 0x00, 0x00, 0x00,
  0x00, 0x00, 0x00, 0x00, 0x00, 0x00, 0x00, 0x00, 0x00, 0x00, 0x00, 0x00,
  0x00, 0x00, 0x00, 0x00, 0x00, 0x00, 0x00, 0x00, 0x00, 0x00, 0x00, 0x00,
  0x00, 0x00, 0x00, 0x00, 0x00, 0x00, 0x00, 0x00, 0x00, 0x00, 0x00, 0x00,
  0x00, 0x00, 0x00, 0x00, 0x00, 0x00, 0x00, 0x00, 0x00, 0x00, 0x00, 0x00,
  0x00, 0x00, 0x00, 0x00, 0x00, 0x00, 0x00, 0x00, 0x00, 0x00, 0x00, 0x00,
  0x00, 0x00, 0x00, 0x00, 0x00, 0x00, 0x00, 0x00, 0x00, 0x00, 0x00, 0x00,
  0x00, 0x00, 0x00, 0x00, 0x00, 0x00, 0x00, 0x00, 0x00, 0x00, 0x00, 0x00,
  0x00, 0x00, 0x00, 0x00, 0x00, 0x00, 0x00, 0x00, 0x00, 0x00, 0x00, 0x00,
  0x00, 0x00, 0x00, 0x00, 0x00, 0x00, 0x00, 0x00, 0x00, 0x00, 0x00, 0x00,
  0x00, 0x00, 0x00, 0x00, 0x00, 0x00, 0x00, 0x00, 0x00, 0x00, 0x00, 0x00,
  0x00, 0x00, 0x00, 0x00, 0x00, 0x00, 0x00, 0x00, 0x00, 0x00, 0x00, 0x00,
  0x00, 0x00, 0x00, 0x00, 0x00, 0x00, 0x00, 0x00, 0x00, 0x00, 0x00, 0x00,
  0x00, 0x00, 0x00, 0x00, 0x00, 0x00, 0x00, 0x00, 0x00, 0x00, 0x00, 0x00,
  0x00, 0x00, 0x00, 0x00, 0x00, 0x00, 0x00, 0x00, 0x00, 0x00, 0x00, 0x00,
  0x00, 0x00, 0x00, 0x00, 0x00, 0x00, 0x00, 0x00, 0x00, 0x00, 0x00, 0x00,
  0x00, 0x00, 0x00, 0x00, 0x00, 0x00, 0x00, 0x00, 0x00, 0x00, 0x00, 0x00,
  0x00, 0x00, 0x00, 0x00, 0x00, 0x00, 0x00, 0x00, 0x00, 0x00, 0x00, 0x00,
  0x00, 0x00, 0x00, 0x00, 0x00, 0x00, 0x00, 0x00, 0x00, 0x00, 0x00, 0x00,
  0x00, 0x00, 0x00, 0x00, 0x00, 0x00, 0x00, 0x00, 0x00, 0x00, 0x00, 0x00,
  0x00, 0x00, 0x00, 0x00, 0x00, 0x00, 0x00, 0x00, 0x00, 0x00, 0x00, 0x00,
  0x00, 0x00, 0x00, 0x00, 0x00, 0x00, 0x00, 0x00, 0x00, 0x00, 0x00, 0x00,
  0x00, 0x00, 0x00, 0x00, 0x00, 0x00, 0x00, 0x00, 0x00, 0x00, 0x00, 0x00,
  0x00, 0x00, 0x00, 0x00, 0x00, 0x00, 0x00, 0x00, 0x00, 0x00, 0x00, 0x00,
  0x00, 0x00, 0x00, 0x00, 0x00, 0x00, 0x00, 0x00, 0x00, 0x00, 0x00, 0x00,
  0x00, 0x00, 0x00, 0x00, 0x00, 0x00, 0x00, 0x00, 0x00, 0x00, 0x00, 0x00,
  0x00, 0x00, 0x00, 0x00, 0x00, 0x00, 0x00, 0x00, 0x00, 0x00, 0x00, 0x00,
  0x00, 0x00, 0x00, 0x00, 0x00, 0x00, 0x00, 0x00, 0x00, 0x00, 0x00, 0x00,
  0x00, 0x00, 0x00, 0x00, 0x00, 0x00, 0x00, 0x00, 0x00, 0x00, 0x00, 0x00,
  0x00, 0x00, 0x00, 0x00, 0x00, 0x00, 0x00, 0x00, 0x00, 0x00, 0x00, 0x00,
  0x00, 0x00, 0x00, 0x00, 0x00, 0x00, 0x00, 0x00, 0x00, 0x00, 0x00, 0x00,
  0x00, 0x00, 0x00, 0x00, 0x00, 0x00, 0x00, 0x00, 0x00, 0x00, 0x00, 0x00,
  0x00, 0x00, 0x00, 0x00, 0x00, 0x00, 0x00, 0x00, 0x00, 0x00, 0x00, 0x00,
  0x00, 0x00, 0x00, 0x00, 0x00, 0x00, 0x00, 0x00, 0x00, 0x00, 0x00, 0x00,
  0x00, 0x00, 0x00, 0x00, 0x00, 0x00, 0x00, 0x00, 0x00, 0x00, 0x00, 0x00,
  0x00, 0x00, 0x00, 0x00, 0x00, 0x00, 0x00, 0x00, 0x00, 0x00, 0x00, 0x00,
  0x00, 0x00, 0x00, 0x00, 0x00, 0x00, 0x00, 0x00, 0x00, 0x00, 0x00, 0x00,
  0x00, 0x00, 0x00, 0x00, 0x00, 0x00, 0x00, 0x00, 0x00, 0x00, 0x00, 0x00,
  0x00, 0x00, 0x00, 0x00, 0x00, 0x00, 0x00, 0x00, 0x00, 0x00, 0x00, 0x00,
  0x00, 0x00, 0x00, 0x00, 0x00, 0x00, 0x00, 0x00, 0x00, 0x00, 0x00, 0x00,
  0x00, 0x00, 0x00, 0x00, 0x00, 0x00, 0x00, 0x00, 0x00, 0x00, 0x00, 0x00,
  0x00, 0x00, 0x00, 0x00, 0x00, 0x00, 0x00, 0x00, 0x00, 0x00, 0x00, 0x00,
  0x00, 0x00, 0x00, 0x00, 0x00, 0x00, 0x00, 0x00, 0x00, 0x00, 0x00, 0x00,
  0x00, 0x00, 0x00, 0x00, 0x00, 0x00, 0x00, 0x00, 0x00, 0x00, 0x00, 0x00,
  0x00, 0x00, 0x00, 0x00, 0x00, 0x00, 0x00, 0x00, 0x00, 0x00, 0x00, 0x00,
  0x00, 0x00, 0x00, 0x00, 0x00, 0x00, 0x00, 0x00, 0x00, 0x00, 0x00, 0x00,
  0x00, 0x00, 0x00, 0x00, 0x00, 0x00, 0x00, 0x00, 0x00, 0x00, 0x00, 0x00,
  0x00, 0x00, 0x00, 0x00, 0x00, 0x00, 0x00, 0x00, 0x00, 0x00, 0x00, 0x00,
  0x00, 0x00, 0x00, 0x00, 0x00, 0x00, 0x00, 0x00, 0x00, 0x00, 0x00, 0x00,
  0x00, 0x00, 0x00, 0x00, 0x00, 0x00, 0x00, 0x00, 0x00, 0x00, 0x00, 0x00,
  0x00, 0x00, 0x00, 0x00, 0x00, 0x00, 0x00, 0x00, 0x00, 0x00, 0x00, 0x00,
  0x00, 0x00, 0x00, 0x00, 0x00, 0x00, 0x00, 0x00, 0x00, 0x00, 0x00, 0x00,
  0x00, 0x00, 0x00, 0x00, 0x00, 0x00, 0x00, 0x00, 0x00, 0x00, 0x00, 0x00,
  0x00, 0x00, 0x00, 0x00, 0x00, 0x00, 0x00, 0x00, 0x00, 0x00, 0x00, 0x00,
  0x00, 0x00, 0x00, 0x00, 0x00, 0x00, 0x00, 0x00, 0x00, 0x00, 0x00, 0x00,
  0x00, 0x00, 0x00, 0x00, 0x00, 0x00, 0x00, 0x00, 0x00, 0x00, 0x00, 0x00,
  0x00, 0x00, 0x00, 0x00, 0x00, 0x00, 0x00, 0x00, 0x00, 0x00, 0x00, 0x00,
  0x00, 0x00, 0x00, 0x00, 0x00, 0x00, 0x00, 0x00, 0x00, 0x00, 0x00, 0x00,
  0x00, 0x00, 0x00, 0x00, 0x00, 0x00, 0x00, 0x00, 0x00, 0x00, 0x00, 0x00,
  0x00, 0x00, 0x00, 0x00, 0x00, 0x00, 0x00, 0x00, 0x00, 0x00, 0x00, 0x00,
  0x00, 0x00, 0x00, 0x00, 0x00, 0x00, 0x00, 0x00, 0x00, 0x00, 0x00, 0x00,
  0x00, 0x00, 0x00, 0x00, 0x00, 0x00, 0x00, 0x00, 0x00, 0x00, 0x00, 0x00,
  0x00, 0x00, 0x00, 0x00, 0x00, 0x00, 0x00, 0x00, 0x00, 0x00, 0x00, 0x00,
  0x00, 0x00, 0x00, 0x00, 0x00, 0x00, 0x00, 0x00, 0x00, 0x00, 0x00, 0x00,
  0x00, 0x00, 0x00, 0x00, 0x00, 0x00, 0x00, 0x00, 0x00, 0x00, 0x00, 0x00,
  0x00, 0x00, 0x00, 0x00, 0x00, 0x00, 0x00, 0x00, 0x00, 0x00, 0x00, 0x00,
  0x00, 0x00, 0x00, 0x00, 0x00, 0x00, 0x00, 0x00, 0x00, 0x00, 0x00, 0x00,
  0x00, 0x00, 0x00, 0x00, 0x00, 0x00, 0x00, 0x00, 0x00, 0x00, 0x00, 0x00,
  0x00, 0x00, 0x00, 0x00, 0x00, 0x00, 0x00, 0x00, 0x00, 0x00, 0x00, 0x00,
  0x00, 0x00, 0x00, 0x00, 0x00, 0x00, 0x00, 0x00, 0x00, 0x00, 0x00, 0x00,
  0x00, 0x00, 0x00, 0x00, 0x00, 0x00, 0x00, 0x00, 0x00, 0x00, 0x00, 0x00,
  0x00, 0x00, 0x00, 0x00, 0x00, 0x00, 0x00, 0x00, 0x00, 0x00, 0x00, 0x00,
  0x00, 0x00, 0x00, 0x00, 0x00, 0x00, 0x00, 0x00, 0x00, 0x00, 0x00, 0x00,
  0x00, 0x00, 0x00, 0x00, 0x00, 0x00, 0x00, 0x00, 0x00, 0x00, 0x00, 0x00,
  0x00, 0x00, 0x00, 0x00, 0x00, 0x00, 0x00, 0x00, 0x00, 0x00, 0x00, 0x00,
  0x00, 0x00, 0x00, 0x00, 0x00, 0x00, 0x00, 0x00, 0x00, 0x00, 0x00, 0x00,
  0x00, 0x00, 0x00, 0x00, 0x00, 0x00, 0x00, 0x00, 0x00, 0x00, 0x00, 0x00,
  0x00, 0x00, 0x00, 0x00, 0x00, 0x00, 0x00, 0x00, 0x00, 0x00, 0x00, 0x00,
  0x00, 0x00, 0x00, 0x00, 0x00, 0x00, 0x00, 0x00, 0x00, 0x00, 0x00, 0x00,
  0x00, 0x00, 0x00, 0x00, 0x00, 0x00, 0x00, 0x00, 0x00, 0x00, 0x00, 0x00,
  0x00, 0x00, 0x00, 0x00, 0x00, 0x00, 0x00, 0x00, 0x00, 0x00, 0x00, 0x00,
  0x00, 0x00, 0x00, 0x00, 0x00, 0x00, 0x00, 0x00, 0x00, 0x00, 0x00, 0x00,
  0x00, 0x00, 0x00, 0x00, 0x00, 0x00, 0x00, 0x00, 0x00, 0x00, 0x00, 0x00,
  0x00, 0x00, 0x00, 0x00, 0x00, 0x00, 0x00, 0x00, 0x00, 0x00, 0x00, 0x00,
  0x00, 0x00, 0x00, 0x00, 0x00, 0x00, 0x00, 0x00, 0x00, 0x00, 0x00, 0x00,
  0x00, 0x00, 0x00, 0x00, 0x00, 0x00, 0x00, 0x00, 0x00, 0x00, 0x00, 0x00,
  0x00, 0x00, 0x00, 0x00, 0x00, 0x00, 0x00, 0x00, 0x00, 0x00, 0x00, 0x00,
  0x00, 0x00, 0x00, 0x00, 0x00, 0x00, 0x00, 0x00, 0x00, 0x00, 0x00, 0x00,
  0x00, 0x00, 0x00, 0x00, 0x00, 0x00, 0x00, 0x00, 0x00, 0x00, 0x00, 0x00,
  0x00, 0x00, 0x00, 0x00, 0x00, 0x00, 0x00, 0x00, 0x00, 0x00, 0x00, 0x00,
  0x00, 0x00, 0x00, 0x00, 0x00, 0x00, 0x00, 0x00, 0x00, 0x00, 0x00, 0x00,
  0x00, 0x00, 0x00, 0x00, 0x00, 0x00, 0x00, 0x00, 0x00, 0x00, 0x00, 0x00,
  0x00, 0x00, 0x00, 0x00, 0x00, 0x00, 0x00, 0x00, 0x00, 0x00, 0x00, 0x00,
  0x00, 0x00, 0x00, 0x00, 0x00, 0x00, 0x00, 0x00, 0x00, 0x00, 0x00, 0x00,
  0x00, 0x00, 0x00, 0x00, 0x00, 0x00, 0x00, 0x00, 0x00, 0x00, 0x00, 0x00,
  0x00, 0x00, 0x00, 0x00, 0x00, 0x00, 0x00, 0x00, 0x00, 0x00, 0x00, 0x00,
  0x00, 0x00, 0x00, 0x00, 0x00, 0x00, 0x00, 0x00, 0x00, 0x00, 0x00, 0x00,
  0x00, 0x00, 0x00, 0x00, 0x00, 0x00, 0x00, 0x00, 0x00, 0x00, 0x00, 0x00,
  0x00, 0x00, 0x00, 0x00, 0x00, 0x00, 0x00, 0x00, 0x00, 0x00, 0x00, 0x00,
  0x00, 0x00, 0x00, 0x00, 0x00, 0x00, 0x00, 0x00, 0x00, 0x00, 0x00, 0x00,
  0x00, 0x00, 0x00, 0x00, 0x00, 0x00, 0x00, 0x00, 0x00, 0x00, 0x00, 0x00,
  0x00, 0x00, 0x00, 0x00, 0x00, 0x00, 0x00, 0x00, 0x00, 0x00, 0x00, 0x00,
  0x00, 0x00, 0x00, 0x00, 0x00, 0x00, 0x00, 0x00, 0x00, 0x00, 0x00, 0x00,
  0x00, 0x00, 0x00, 0x00, 0x00, 0x00, 0x00, 0x00, 0x00, 0x00, 0x00, 0x00,
  0x00, 0x00, 0x00, 0x00, 0x00, 0x00, 0x00, 0x00, 0x00, 0x00, 0x00, 0x00,
  0x00, 0x00, 0x00, 0x00, 0x00, 0x00, 0x00, 0x00, 0x00, 0x00, 0x00, 0x00,
  0x00, 0x00, 0x00, 0x00, 0x00, 0x00, 0x00, 0x00, 0x00, 0x00, 0x00, 0x00,
  0x00, 0x00, 0x00, 0x00, 0x00, 0x00, 0x00, 0x00, 0x00, 0x00, 0x00, 0x00,
  0x00, 0x00, 0x00, 0x00, 0x00, 0x00, 0x00, 0x00, 0x00, 0x00, 0x00, 0x00,
  0x00, 0x00, 0x00, 0x00, 0x00, 0x00, 0x00, 0x00, 0x00, 0x00, 0x00, 0x00,
  0x00, 0x00, 0x00, 0x00, 0x00, 0x00, 0x00, 0x00, 0x00, 0x00, 0x00, 0x00,
  0x00, 0x00, 0x00, 0x00, 0x00, 0x00, 0x00, 0x00, 0x00, 0x00, 0x00, 0x00,
  0x00, 0x00, 0x00, 0x00, 0x00, 0x00, 0x00, 0x00, 0x00, 0x00, 0x00, 0x00,
  0x00, 0x00, 0x00, 0x00, 0x00, 0x00, 0x00, 0x00, 0x00, 0x00, 0x00, 0x00,
  0x00, 0x00, 0x00, 0x00, 0x00, 0x00, 0x00, 0x00, 0x00, 0x00, 0x00, 0x00,
  0x00, 0x00, 0x00, 0x00, 0x00, 0x00, 0x00, 0x00, 0x00, 0x00, 0x00, 0x00,
  0x00, 0x00, 0x00, 0x00, 0x00, 0x00, 0x00, 0x00, 0x00, 0x00, 0x00, 0x00,
  0x00, 0x00, 0x00, 0x00, 0x00, 0x00, 0x00, 0x00, 0x00, 0x00, 0x00, 0x00,
  0x00, 0x00, 0x00, 0x00, 0x00, 0x00, 0x00, 0x00, 0x00, 0x00, 0x00, 0x00,
  0x00, 0x00, 0x00, 0x00, 0x00, 0x00, 0x00, 0x00, 0x00, 0x00, 0x00, 0x00,
  0x00, 0x00, 0x00, 0x00, 0x00, 0x00, 0x00, 0x00, 0x00, 0x00, 0x00, 0x00,
  0x00, 0x00, 0x00, 0x00, 0x00, 0x00, 0x00, 0x00, 0x00, 0x00, 0x00, 0x00,
  0x00, 0x00, 0x00, 0x00, 0x00, 0x00, 0x00, 0x00, 0x00, 0x00, 0x00, 0x00,
  0x00, 0x00, 0x00, 0x00, 0x00, 0x00, 0x00, 0x00, 0x00, 0x00, 0x00, 0x00,
  0x00, 0x00, 0x00, 0x00, 0x00, 0x00, 0x00, 0x00, 0x00, 0x00, 0x00, 0x00,
  0x00, 0x00, 0x00, 0x00, 0x00, 0x00, 0x00, 0x00, 0x00, 0x00, 0x00, 0x00,
  0x00, 0x00, 0x00, 0x00, 0x00, 0x00, 0x00, 0x00, 0x00, 0x00, 0x00, 0x00,
  0x00, 0x00, 0x00, 0x00, 0x00, 0x00, 0x00, 0x00, 0x00, 0x00, 0x00, 0x00,
  0x00, 0x00, 0x00, 0x00, 0x00, 0x00, 0x00, 0x00, 0x00, 0x00, 0x00, 0x00,
  0x00, 0x00, 0x00, 0x00, 0x00, 0x00, 0x00, 0x00, 0x00, 0x00, 0x00, 0x00,
  0x00, 0x00, 0x00, 0x00, 0x00, 0x00, 0x00, 0x00, 0x00, 0x00, 0x00, 0x00,
  0x00, 0x00, 0x00, 0x00, 0x00, 0x00, 0x00, 0x00, 0x00, 0x00, 0x00, 0x00,
  0x00, 0x00, 0x00, 0x00, 0x00, 0x00, 0x00, 0x00, 0x00, 0x00, 0x00, 0x00,
  0x00, 0x00, 0x00, 0x00, 0x00, 0x00, 0x00, 0x00, 0x00, 0x00, 0x00, 0x00,
  0x00, 0x00, 0x00, 0x00, 0x00, 0x00, 0x00, 0x00, 0x00, 0x00, 0x00, 0x00,
  0x00, 0x00, 0x00, 0x00, 0x00, 0x00, 0x00, 0x00, 0x00, 0x00, 0x00, 0x00,
  0x00, 0x00, 0x00, 0x00, 0x00, 0x00, 0x00, 0x00, 0x00, 0x00, 0x00, 0x00,
  0x00, 0x00, 0x00, 0x00, 0x00, 0x00, 0x00, 0x00, 0x00, 0x00, 0x00, 0x00,
  0x00, 0x00, 0x00, 0x00, 0x00, 0x00, 0x00, 0x00, 0x00, 0x00, 0x00, 0x00,
  0x00, 0x00, 0x00, 0x00, 0x00, 0x00, 0x00, 0x00, 0x00, 0x00, 0x00, 0x00,
  0x00, 0x00, 0x00, 0x00, 0x00, 0x00, 0x00, 0x00, 0x00, 0x00, 0x00, 0x00,
  0x00, 0x00, 0x00, 0x00, 0x00, 0x00, 0x00, 0x00, 0x00, 0x00, 0x00, 0x00,
  0x00, 0x00, 0x00, 0x00, 0x00, 0x00, 0x00, 0x00, 0x00, 0x00, 0x00, 0x00,
  0x00, 0x00, 0x00, 0x00, 0x00, 0x00, 0x00, 0x00, 0x00, 0x00, 0x00, 0x00,
  0x00, 0x00, 0x00, 0x00, 0x00, 0x00, 0x00, 0x00, 0x00, 0x00, 0x00, 0x00,
  0x00, 0x00, 0x00, 0x00, 0x00, 0x00, 0x00, 0x00, 0x00, 0x00, 0x00, 0x00,
  0x00, 0x00, 0x00, 0x00, 0x00, 0x00, 0x00, 0x00, 0x00, 0x00, 0x00, 0x00,
  0x00, 0x00, 0x00, 0x00, 0x00, 0x00, 0x00, 0x00, 0x00, 0x00, 0x00, 0x00,
  0x00, 0x00, 0x00, 0x00, 0x00, 0x00, 0x00, 0x00, 0x00, 0x00, 0x00, 0x00,
  0x00, 0x00, 0x00, 0x00, 0x00, 0x00, 0x00, 0x00, 0x00, 0x00, 0x00, 0x00,
  0x00, 0x00, 0x00, 0x00, 0x00, 0x00, 0x00, 0x00, 0x00, 0x00, 0x00, 0x00,
  0x00, 0x00, 0x00, 0x00, 0x00, 0x00, 0x00, 0x00, 0x00, 0x00, 0x00, 0x00,
  0x00, 0x00, 0x00, 0x00, 0x00, 0x00, 0x00, 0x00, 0x00, 0x00, 0x00, 0x00,
  0x00, 0x00, 0x00, 0x00, 0x00, 0x00, 0x00, 0x00, 0x00, 0x00, 0x00, 0x00,
  0x00, 0x00, 0x00, 0x00, 0x00, 0x00, 0x00, 0x00, 0x00, 0x00, 0x00, 0x00,
  0x00, 0x00, 0x00, 0x00, 0x00, 0x00, 0x00, 0x00, 0x00, 0x00, 0x00, 0x00,
  0x00, 0x00, 0x00, 0x00, 0x00, 0x00, 0x00, 0x00, 0x00, 0x00, 0x00, 0x00,
  0x00, 0x00, 0x00, 0x00, 0x00, 0x00, 0x00, 0x00, 0x00, 0x00, 0x00, 0x00,
  0x00, 0x00, 0x00, 0x00, 0x00, 0x00, 0x00, 0x00, 0x00, 0x00, 0x00, 0x00,
  0x00, 0x00, 0x00, 0x00, 0x00, 0x00, 0x00, 0x00, 0x00, 0x00, 0x00, 0x00,
  0x00, 0x00, 0x00, 0x00, 0x00, 0x00, 0x00, 0x00, 0x00, 0x00, 0x00, 0x00,
  0x00, 0x00, 0x00, 0x00, 0x00, 0x00, 0x00, 0x00, 0x00, 0x00, 0x00, 0x00,
  0x00, 0x00, 0x00, 0x00, 0x00, 0x00, 0x00, 0x00, 0x00, 0x00, 0x00, 0x00,
  0x00, 0x00, 0x00, 0x00, 0x00, 0x00, 0x00, 0x00, 0x00, 0x00, 0x00, 0x00,
  0x00, 0x00, 0x00, 0x00, 0x00, 0x00, 0x00, 0x00, 0x00, 0x00, 0x00, 0x00,
  0x00, 0x00, 0x00, 0x00, 0x00, 0x00, 0x00, 0x00, 0x00, 0x00, 0x00, 0x00,
  0x00, 0x00, 0x00, 0x00, 0x00, 0x00, 0x00, 0x00, 0x00, 0x00, 0x00, 0x00,
  0x00, 0x00, 0x00, 0x00, 0x00, 0x00, 0x00, 0x00, 0x00, 0x00, 0x00, 0x00,
  0x00, 0x00, 0x00, 0x00, 0x00, 0x00, 0x00, 0x00, 0x00, 0x00, 0x00, 0x00,
  0x00, 0x00, 0x00, 0x00, 0x00, 0x00, 0x00, 0x00, 0x00, 0x00, 0x00, 0x00,
  0x00, 0x00, 0x00, 0x00, 0x00, 0x00, 0x00, 0x00, 0x00, 0x00, 0x00, 0x00,
  0x00, 0x00, 0x00, 0x00, 0x00, 0x00, 0x00, 0x00, 0x00, 0x00, 0x00, 0x00,
  0x00, 0x00, 0x00, 0x00, 0x00, 0x00, 0x00, 0x00, 0x00, 0x00, 0x00, 0x00,
  0x00, 0x00, 0x00, 0x00, 0x00, 0x00, 0x00, 0x00, 0x00, 0x00, 0x00, 0x00,
  0x00, 0x00, 0x00, 0x00, 0x00, 0x00, 0x00, 0x00, 0x00, 0x00, 0x00, 0x00,
  0x00, 0x00, 0x00, 0x00, 0x00, 0x00, 0x00, 0x00, 0x00, 0x00, 0x00, 0x00,
  0x00, 0x00, 0x00, 0x00, 0x00, 0x00, 0x00, 0x00, 0x00, 0x00, 0x00, 0x00,
  0x00, 0x00, 0x00, 0x00, 0x00, 0x00, 0x00, 0x00, 0x00, 0x00, 0x00, 0x00,
  0x00, 0x00, 0x00, 0x00, 0x00, 0x00, 0x00, 0x00, 0x00, 0x00, 0x00, 0x00,
  0x00, 0x00, 0x00, 0x00, 0x00, 0x00, 0x00, 0x00, 0x00, 0x00, 0x00, 0x00,
  0x00, 0x00, 0x00, 0x00, 0x00, 0x00, 0x00, 0x00, 0x00, 0x00, 0x00, 0x00,
  0x00, 0x00, 0x00, 0x00, 0x00, 0x00, 0x00, 0x00, 0x00, 0x00, 0x00, 0x00,
  0x00, 0x00, 0x00, 0x00, 0x00, 0x00, 0x00, 0x00, 0x00, 0x00, 0x00, 0x00,
  0x00, 0x00, 0x00, 0x00, 0x00, 0x00, 0x00, 0x00, 0x00, 0x00, 0x00, 0x00,
  0x00, 0x00, 0x00, 0x00, 0x00, 0x00, 0x00, 0x00, 0x00, 0x00, 0x00, 0x00,
  0x00, 0x00, 0x00, 0x00, 0x00, 0x00, 0x00, 0x00, 0x00, 0x00, 0x00, 0x00,
  0x00, 0x00, 0x00, 0x00, 0x00, 0x00, 0x00, 0x00, 0x00, 0x00, 0x00, 0x00,
  0x00, 0x00, 0x00, 0x00, 0x00, 0x00, 0x00, 0x00, 0x00, 0x00, 0x00, 0x00,
  0x00, 0x00, 0x00, 0x00, 0x00, 0x00, 0x00, 0x00, 0x00, 0x00, 0x00, 0x00,
  0x00, 0x00, 0x00, 0x00, 0x00, 0x00, 0x00, 0x00, 0x00, 0x00, 0x00, 0x00,
  0x00, 0x00, 0x00, 0x00, 0x00, 0x00, 0x00, 0x00, 0x00, 0x00, 0x00, 0x00,
  0x00, 0x00, 0x00, 0x00, 0x00, 0x00, 0x00, 0x00, 0x00, 0x00, 0x00, 0x00,
  0x00, 0x00, 0x00, 0x00, 0x00, 0x00, 0x00, 0x00, 0x00, 0x00, 0x00, 0x00,
  0x00, 0x00, 0x00, 0x00, 0x00, 0x00, 0x00, 0x00, 0x00, 0x00, 0x00, 0x00,
  0x00, 0x00, 0x00, 0x00, 0x00, 0x00, 0x00, 0x00, 0x00, 0x00, 0x00, 0x00,
  0x00, 0x00, 0x00, 0x00, 0x00, 0x00, 0x00, 0x00, 0x00, 0x00, 0x00, 0x00,
  0x00, 0x00, 0x00, 0x00, 0x00, 0x00, 0x00, 0x00, 0x00, 0x00, 0x00, 0x00,
  0x00, 0x00, 0x00, 0x00, 0x00, 0x00, 0x00, 0x00, 0x00, 0x00, 0x00, 0x00,
  0x00, 0x00, 0x00, 0x00, 0x00, 0x00, 0x00, 0x00, 0x00, 0x00, 0x00, 0x00,
  0x00, 0x00, 0x00, 0x00, 0x00, 0x00, 0x00, 0x00, 0x00, 0x00, 0x00, 0x00,
  0x00, 0x00, 0x00, 0x00, 0x00, 0x00, 0x00, 0x00, 0x00, 0x00, 0x00, 0x00,
  0x00, 0x00, 0x00, 0x00, 0x00, 0x00, 0x00, 0x00, 0x00, 0x00, 0x00, 0x00,
  0x00, 0x00, 0x00, 0x00, 0x00, 0x00, 0x00, 0x00, 0x00, 0x00, 0x00, 0x00,
  0x00, 0x00, 0x00, 0x00, 0x00, 0x00, 0x00, 0x00, 0x00, 0x00, 0x00, 0x00,
  0x00, 0x00, 0x00, 0x00, 0x00, 0x00, 0x00, 0x00, 0x00, 0x00, 0x00, 0x00,
  0x00, 0x00, 0x00, 0x00, 0x00, 0x00, 0x00, 0x00, 0x00, 0x00, 0x00, 0x00,
  0x00, 0x00, 0x00, 0x00, 0x00, 0x00, 0x00, 0x00, 0x00, 0x00, 0x00, 0x00,
  0x00, 0x00, 0x00, 0x00, 0x00, 0x00, 0x00, 0x00, 0x00, 0x00, 0x00, 0x00,
  0x00, 0x00, 0x00, 0x00, 0x00, 0x00, 0x00, 0x00, 0x00, 0x00, 0x00, 0x00,
  0x00, 0x00, 0x00, 0x00, 0x00, 0x00, 0x00, 0x00, 0x00, 0x00, 0x00, 0x00,
  0x00, 0x00, 0x00, 0x00, 0x00, 0x00, 0x00, 0x00, 0x00, 0x00, 0x00, 0x00,
  0x00, 0x00, 0x00, 0x00, 0x00, 0x00, 0x00, 0x00, 0x00, 0x00, 0x00, 0x00,
  0x00, 0x00, 0x00, 0x00, 0x00, 0x00, 0x00, 0x00, 0x00, 0x00, 0x00, 0x00,
  0x00, 0x00, 0x00, 0x00, 0x00, 0x00, 0x00, 0x00, 0x00, 0x00, 0x00, 0x00,
  0x00, 0x00, 0x00, 0x00, 0x00, 0x00, 0x00, 0x00, 0x00, 0x00, 0x00, 0x00,
  0x00, 0x00, 0x00, 0x00, 0x00, 0x00, 0x00, 0x00, 0x00, 0x00, 0x00, 0x00,
  0x00, 0x00, 0x00, 0x00, 0x00, 0x00, 0x00, 0x00, 0x00, 0x00, 0x00, 0x00,
  0x00, 0x00, 0x00, 0x00, 0x00, 0x00, 0x00, 0x00, 0x00, 0x00, 0x00, 0x00,
  0x00, 0x00, 0x00, 0x00, 0x00, 0x00, 0x00, 0x00, 0x00, 0x00, 0x00, 0x00,
  0x00, 0x00, 0x00, 0x00, 0x00, 0x00, 0x00, 0x00, 0x00, 0x00, 0x00, 0x00,
  0x00, 0x00, 0x00, 0x00, 0x00, 0x00, 0x00, 0x00, 0x00, 0x00, 0x00, 0x00,
  0x00, 0x00, 0x00, 0x00, 0x00, 0x00, 0x00, 0x00, 0x00, 0x00, 0x00, 0x00,
  0x00, 0x00, 0x00, 0x00, 0x00, 0x00, 0x00, 0x00, 0x00, 0x00, 0x00, 0x00,
  0x00, 0x00, 0x00, 0x00, 0x00, 0x00, 0x00, 0x00, 0x00, 0x00, 0x00, 0x00,
  0x00, 0x00, 0x00, 0x00, 0x00, 0x00, 0x00, 0x00, 0x00, 0x00, 0x00, 0x00,
  0x00, 0x00, 0x00, 0x00, 0x00, 0x00, 0x00, 0x00, 0x00, 0x00, 0x00, 0x00,
  0x00, 0x00, 0x00, 0x00, 0x00, 0x00, 0x00, 0x00, 0x00, 0x00, 0x00, 0x00,
  0x00, 0x00, 0x00, 0x00, 0x00, 0x00, 0x00, 0x00, 0x00, 0x00, 0x00, 0x00,
  0x00, 0x00, 0x00, 0x00, 0x00, 0x00, 0x00, 0x00, 0x00, 0x00, 0x00, 0x00,
  0x00, 0x00, 0x00, 0x00, 0x00, 0x00, 0x00, 0x00, 0x00, 0x00, 0x00, 0x00,
  0x00, 0x00, 0x00, 0x00, 0x00, 0x00, 0x00, 0x00, 0x00, 0x00, 0x00, 0x00,
  0x00, 0x00, 0x00, 0x00, 0x00, 0x00, 0x00, 0x00, 0x00, 0x00, 0x00, 0x00,
  0x00, 0x00, 0x00, 0x00, 0x00, 0x00, 0x00, 0x00, 0x00, 0x00, 0x00, 0x00,
  0x00, 0x00, 0x00, 0x00, 0x00, 0x00, 0x00, 0x00, 0x00, 0x00, 0x00, 0x00,
  0x00, 0x00, 0x00, 0x00, 0x00, 0x00, 0x00, 0x00, 0x00, 0x00, 0x00, 0x00,
  0x00, 0x00, 0x00, 0x00, 0x00, 0x00, 0x00, 0x00, 0x00, 0x00, 0x00, 0x00,
  0x00, 0x00, 0x00, 0x00, 0x00, 0x00, 0x00, 0x00, 0x00, 0x00, 0x00, 0x00,
  0x00, 0x00, 0x00, 0x00, 0x00, 0x00, 0x00, 0x00, 0x00, 0x00, 0x00, 0x00,
  0x00, 0x00, 0x00, 0x00, 0x00, 0x00, 0x00, 0x00, 0x00, 0x00, 0x00, 0x00,
  0x00, 0x00, 0x00, 0x00, 0x00, 0x00, 0x00, 0x00, 0x00, 0x00, 0x00, 0x00,
  0x00, 0x00, 0x00, 0x00, 0x00, 0x00, 0x00, 0x00, 0x00, 0x00, 0x00, 0x00,
  0x00, 0x00, 0x00, 0x00, 0x00, 0x00, 0x00, 0x00, 0x00, 0x00, 0x00, 0x00,
  0x00, 0x00, 0x00, 0x00, 0x00, 0x00, 0x00, 0x00, 0x00, 0x00, 0x00, 0x00,
  0x00, 0x00, 0x00, 0x00, 0x00, 0x00, 0x00, 0x00, 0x00, 0x00, 0x00, 0x00,
  0x00, 0x00, 0x00, 0x00, 0x00, 0x00, 0x00, 0x00, 0x00, 0x00, 0x00, 0x00,
  0x00, 0x00, 0x00, 0x00, 0x00, 0x00, 0x00, 0x00, 0x00, 0x00, 0x00, 0x00,
  0x00, 0x00, 0x00, 0x00, 0x00, 0x00, 0x00, 0x00, 0x00, 0x00, 0x00, 0x00,
  0x00, 0x00, 0x00, 0x00, 0x00, 0x00, 0x00, 0x00, 0x00, 0x00, 0x00, 0x00,
  0x00, 0x00, 0x00, 0x00, 0x00, 0x00, 0x00, 0x00, 0x00, 0x00, 0x00, 0x00,
  0x00, 0x00, 0x00, 0x00, 0x00, 0x00, 0x00, 0x00, 0x00, 0x00, 0x00, 0x00,
  0x00, 0x00, 0x00, 0x00, 0x00, 0x00, 0x00, 0x00, 0x00, 0x00, 0x00, 0x00,
  0x00, 0x00, 0x00, 0x00, 0x00, 0x00, 0x00, 0x00, 0x00, 0x00, 0x00, 0x00,
  0x00, 0x00, 0x00, 0x00, 0x00, 0x00, 0x00, 0x00, 0x00, 0x00, 0x00, 0x00,
  0x00, 0x00, 0x00, 0x00, 0x00, 0x00, 0x00, 0x00, 0x00, 0x00, 0x00, 0x00,
  0x00, 0x00, 0x00, 0x00, 0x00, 0x00, 0x00, 0x00, 0x00, 0x00, 0x00, 0x00,
  0x00, 0x00, 0x00, 0x00, 0x00, 0x00, 0x00, 0x00, 0x00, 0x00, 0x00, 0x00,
  0x00, 0x00, 0x00, 0x00, 0x00, 0x00, 0x00, 0x00, 0x00, 0x00, 0x00, 0x00,
  0x00, 0x00, 0x00, 0x00, 0x00, 0x00, 0x00, 0x00, 0x00, 0x00, 0x00, 0x00,
  0x00, 0x00, 0x00, 0x00, 0x00, 0x00, 0x00, 0x00, 0x00, 0x00, 0x00, 0x00,
  0x00, 0x00, 0x00, 0x00, 0x00, 0x00, 0x00, 0x00, 0x00, 0x00, 0x00, 0x00,
  0x00, 0x00, 0x00, 0x00, 0x00, 0x00, 0x00, 0x00, 0x00, 0x00, 0x00, 0x00,
  0x00, 0x00, 0x00, 0x00, 0x00, 0x00, 0x00, 0x00, 0x00, 0x00, 0x00, 0x00,
  0x00, 0x00, 0x00, 0x00, 0x00, 0x00, 0x00, 0x00, 0x00, 0x00, 0x00, 0x00,
  0x00, 0x00, 0x00, 0x00, 0x00, 0x00, 0x00, 0x00, 0x00, 0x00, 0x00, 0x00,
  0x00, 0x00, 0x00, 0x00, 0x00, 0x00, 0x00, 0x00, 0x00, 0x00, 0x00, 0x00,
  0x00, 0x00, 0x00, 0x00, 0x00, 0x00, 0x00, 0x00, 0x00, 0x00, 0x00, 0x00,
  0x00, 0x00, 0x00, 0x00, 0x00, 0x00, 0x00, 0x00, 0x00, 0x00, 0x00, 0x00,
  0x00, 0x00, 0x00, 0x00, 0x00, 0x00, 0x00, 0x00, 0x00, 0x00, 0x00, 0x00,
  0x00, 0x00, 0x00, 0x00, 0x00, 0x00, 0x00, 0x00, 0x00, 0x00, 0x00, 0x00,
  0x00, 0x00, 0x00, 0x00, 0x00, 0x00, 0x00, 0x00, 0x00, 0x00, 0x00, 0x00,
  0x00, 0x00, 0x00, 0x00, 0x00, 0x00, 0x00, 0x00, 0x00, 0x00, 0x00, 0x00,
  0x00, 0x00, 0x00, 0x00, 0x00, 0x00, 0x00, 0x00, 0x00, 0x00, 0x00, 0x00,
  0x00, 0x00, 0x00, 0x00, 0x00, 0x00, 0x00, 0x00, 0x00, 0x00, 0x00, 0x00,
  0x00, 0x00, 0x00, 0x00, 0x00, 0x00, 0x00, 0x00, 0x00, 0x00, 0x00, 0x00,
  0x00, 0x00, 0x00, 0x00, 0x00, 0x00, 0x00, 0x00, 0x00, 0x00, 0x00, 0x00,
  0x00, 0x00, 0x00, 0x00, 0x00, 0x00, 0x00, 0x00, 0x00, 0x00, 0x00, 0x00,
  0x00, 0x00, 0x00, 0x00, 0x00, 0x00, 0x00, 0x00, 0x00, 0x00, 0x00, 0x00,
  0x00, 0x00, 0x00, 0x00, 0x00, 0x00, 0x00, 0x00, 0x00, 0x00, 0x00, 0x00,
  0x00, 0x00, 0x00, 0x00, 0x00, 0x00, 0x00, 0x00, 0x00, 0x00, 0x00, 0x00,
  0x00, 0x00, 0x00, 0x00, 0x00, 0x00, 0x00, 0x00, 0x00, 0x00, 0x00, 0x00,
  0x00, 0x00, 0x00, 0x00, 0x00, 0x00, 0x00, 0x00, 0x00, 0x00, 0x00, 0x00,
  0x00, 0x00, 0x00, 0x00, 0x00, 0x00, 0x00, 0x00, 0x00, 0x00, 0x00, 0x00,
  0x00, 0x00, 0x00, 0x00, 0x00, 0x00, 0x00, 0x00, 0x00, 0x00, 0x00, 0x00,
  0x00, 0x00, 0x00, 0x00, 0x00, 0x00, 0x00, 0x00, 0x00, 0x00, 0x00, 0x00,
  0x00, 0x00, 0x00, 0x00, 0x00, 0x00, 0x00, 0x00, 0x00, 0x00, 0x00, 0x00,
  0x00, 0x00, 0x00, 0x00, 0x00, 0x00, 0x00, 0x00, 0x00, 0x00, 0x00, 0x00,
  0x00, 0x00, 0x00, 0x00, 0x00, 0x00, 0x00, 0x00, 0x00, 0x00, 0x00, 0x00,
  0x00, 0x00, 0x00, 0x00, 0x00, 0x00, 0x00, 0x00, 0x00, 0x00, 0x00, 0x00,
  0x00, 0x00, 0x00, 0x00, 0x00, 0x00, 0x00, 0x00, 0x00, 0x00, 0x00, 0x00,
  0x00, 0x00, 0x00, 0x00, 0x00, 0x00, 0x00, 0x00, 0x00, 0x00, 0x00, 0x00,
  0x00, 0x00, 0x00, 0x00, 0x00, 0x00, 0x00, 0x00, 0x00, 0x00, 0x00, 0x00,
  0x00, 0x00, 0x00, 0x00, 0x00, 0x00, 0x00, 0x00, 0x00, 0x00, 0x00, 0x00,
  0x00, 0x00, 0x00, 0x00, 0x00, 0x00, 0x00, 0x00, 0x00, 0x00, 0x00, 0x00,
  0x00, 0x00, 0x00, 0x00, 0x00, 0x00, 0x00, 0x00, 0x00, 0x00, 0x00, 0x00,
  0x00, 0x00, 0x00, 0x00, 0x00, 0x00, 0x00, 0x00, 0x00, 0x00, 0x00, 0x00,
  0x00, 0x00, 0x00, 0x00, 0x00, 0x00, 0x00, 0x00, 0x00, 0x00, 0x00, 0x00,
  0x00, 0x00, 0x00, 0x00, 0x00, 0x00, 0x00, 0x00, 0x00, 0x00, 0x00, 0x00,
  0x00, 0x00, 0x00, 0x00, 0x00, 0x00, 0x00, 0x00, 0x00, 0x00, 0x00, 0x00,
  0x00, 0x00, 0x00, 0x00, 0x00, 0x00, 0x00, 0x00, 0x00, 0x00, 0x00, 0x00,
  0x00, 0x00, 0x00, 0x00, 0x00, 0x00, 0x00, 0x00, 0x00, 0x00, 0x00, 0x00,
  0x00, 0x00, 0x00, 0x00, 0x00, 0x00, 0x00, 0x00, 0x00, 0x00, 0x00, 0x00,
  0x00, 0x00, 0x00, 0x00, 0x00, 0x00, 0x00, 0x00, 0x00, 0x00, 0x00, 0x00,
  0x00, 0x00, 0x00, 0x00, 0x00, 0x00, 0x00, 0x00, 0x00, 0x00, 0x00, 0x00,
  0x28, 0x6e, 0x75, 0x6c, 0x6c, 0x29, 0x00, 0x00, 0x42, 0x43, 0x43, 0x5f,
  0x4f, 0x55, 0x54, 0x50, 0x55, 0x54, 0x5f, 0x4d, 0x45, 0x53, 0x53, 0x41,
  0x47, 0x45, 0x5f, 0x5f, 0x5f, 0x5f, 0x5f, 0x5f, 0x5f, 0x5f, 0x5f, 0x5f,
  0x5f, 0x5f, 0x5f, 0x5f, 0x5f, 0x5f, 0x5f, 0x5f, 0x5f, 0x5f, 0x5f, 0x5f,
  0x5f, 0x5f, 0x5f, 0x5f, 0x5f, 0x5f, 0x5f, 0x5f, 0x5f, 0x5f, 0x5f, 0x5f,
  0x5f, 0x5f, 0x5f, 0x5f, 0x5f, 0x5f, 0x5f, 0x5f, 0x5f, 0x5f, 0x5f, 0x5f,
  0x5f, 0x00, 0x00, 0x00, 0x00, 0x00, 0x00, 0x00, 0x00, 0x00, 0x00, 0x00,
  0x00, 0x00, 0x00, 0x00, 0x00, 0x00, 0x00, 0x00, 0x00, 0x00, 0x00, 0x00,
  0x00, 0x00, 0x00, 0x00, 0x00, 0x00, 0x00, 0x00, 0x00, 0x00, 0x00, 0x00,
  0x00, 0x00, 0x00, 0x00, 0x00, 0x00, 0x00, 0x00, 0x00, 0x00, 0x00, 0x00,
  0x00, 0x00, 0x00, 0x00, 0x00, 0x00, 0x00, 0x00, 0x00, 0x00, 0x00, 0x00,
  0x00, 0x00, 0x00, 0x00, 0x00, 0x00, 0x00, 0x00, 0x00, 0x00, 0x00, 0x00,
  0x00, 0x00, 0x00, 0x00, 0x00, 0x00, 0x00, 0x00, 0x00, 0x00, 0x00, 0x00,
  0x00, 0x00, 0x00, 0x00, 0x00, 0x00, 0x00, 0x00, 0x00, 0x00, 0x00, 0x00,
  0x00, 0x00, 0x00, 0x00, 0x00, 0x00, 0x00, 0x00, 0x00, 0x00, 0x00, 0x00,
  0x00, 0x00, 0x00, 0x00, 0x00, 0x00, 0x00, 0x00, 0x00, 0x00, 0x00, 0x00,
  0x00, 0x00, 0x00, 0x00, 0x00, 0x00, 0x00, 0x00, 0x00, 0x00, 0x00, 0x00,
  0x00, 0x00, 0x00, 0x00, 0x00, 0x00, 0x00, 0x00, 0x00, 0x00, 0x00, 0x00,
  0x00, 0x00, 0x00, 0x00, 0x00, 0x00, 0x00, 0x00, 0x00, 0x00, 0x00, 0x00,
  0x00, 0x00, 0x00, 0x00, 0x00, 0x00, 0x00, 0x00, 0x00, 0x00, 0x00, 0x00,
  0x00, 0x00, 0x00, 0x00, 0x00, 0x00, 0x00, 0x00, 0x00, 0x00, 0x00, 0x00,
  0x00, 0x00, 0x00, 0x00, 0x00, 0x00, 0x00, 0x00, 0x00, 0x00, 0x00, 0x00,
  0x00, 0x00, 0x00, 0x00, 0x00, 0x00, 0x00, 0x00, 0x00, 0x00, 0x00, 0x00,
  0x00, 0x00, 0x00, 0x00, 0x00, 0x00, 0x00, 0x00, 0x00, 0x00, 0x00, 0x00,
  0x00, 0x00, 0x00, 0x00, 0x00, 0x00, 0x00, 0x00, 0x00, 0x00, 0x00, 0x00,
  0x00, 0x00, 0x00, 0x00, 0x00, 0x00, 0x00, 0x00, 0x00, 0x00, 0x00, 0x00,
  0x00, 0x00, 0x00, 0x00, 0x00, 0x00, 0x00, 0x00, 0x00, 0x00, 0x00, 0x00,
  0x00, 0x00, 0x00, 0x00, 0x00, 0x00, 0x00, 0x00, 0x00, 0x00, 0x00, 0x00,
  0x00, 0x00, 0x00, 0x00, 0x00, 0x00, 0x00, 0x00, 0x00, 0x00, 0x00, 0x00,
  0x00, 0x00, 0x00, 0x00, 0x00, 0x00, 0x00, 0x00, 0x00, 0x00, 0x00, 0x00,
  0x00, 0x00, 0x00, 0x00, 0x00, 0x00, 0x00, 0x00, 0x00, 0x00, 0x00, 0x00,
  0x00, 0x00, 0x00, 0x00, 0x00, 0x00, 0x00, 0x00, 0x00, 0x00, 0x00, 0x00,
  0x00, 0x00, 0x00, 0x00, 0x00, 0x00, 0x00, 0x00, 0x00, 0x00, 0x00, 0x00,
  0x00, 0x00, 0x00, 0x00, 0x00, 0x00, 0x00, 0x00, 0x00, 0x00, 0x00, 0x00,
  0x00, 0x00, 0x00, 0x00, 0x00, 0x00, 0x00, 0x00, 0x00, 0x00, 0x00, 0x00,
  0x00, 0x00, 0x00, 0x00, 0x00, 0x00, 0x00, 0x00, 0x00, 0x00, 0x00, 0x00,
  0x00, 0x00, 0x00, 0x00, 0x00, 0x00, 0x00, 0x00, 0x00, 0x00, 0x00, 0x00,
  0x00, 0x00, 0x00, 0x00, 0x00, 0x00, 0x00, 0x00, 0x00, 0x00, 0x00, 0x00,
  0x00, 0x00, 0x00, 0x00, 0x00, 0x00, 0x00, 0x00, 0x00, 0x00, 0x00, 0x00,
  0x00, 0x00, 0x00, 0x00, 0x00, 0x00, 0x00, 0x00, 0x00, 0x00, 0x00, 0x00,
  0x00, 0x00, 0x00, 0x00, 0x00, 0x00, 0x00, 0x00, 0x00, 0x00, 0x00, 0x00,
  0x00, 0x00, 0x00, 0x00, 0x00, 0x00, 0x00, 0x00, 0x00, 0x00, 0x00, 0x00,
  0x00, 0x00, 0x00, 0x00, 0x00, 0x00, 0x00, 0x00, 0x00, 0x00, 0x00, 0x00,
  0x00, 0x00, 0x00, 0x00, 0x00, 0x00, 0x00, 0x00, 0x00, 0x00, 0x00, 0x00,
  0x00, 0x00, 0x00, 0x00, 0x00, 0x00, 0x00, 0x00, 0x00, 0x00, 0x00, 0x00,
  0x00, 0x00, 0x00, 0x00, 0x00, 0x00, 0x00, 0x00, 0x00, 0x00, 0x00, 0x00,
  0x00, 0x00, 0x00, 0x00, 0x00, 0x00, 0x00, 0x00, 0x00, 0x00, 0x00, 0x00,
  0x00, 0x00, 0x00, 0x00, 0x00, 0x00, 0x00, 0x00, 0x00, 0x00, 0x00, 0x00,
  0x00, 0x00, 0x00, 0x00, 0x00, 0x00, 0x00, 0x00, 0x00, 0x00, 0x00, 0x00,
  0x00, 0x00, 0x00, 0x00, 0x00, 0x00, 0x00, 0x00, 0x00, 0x00, 0x00, 0x00,
  0x00, 0x00, 0x00, 0x00, 0x00, 0x00, 0x00, 0x00, 0x00, 0x00, 0x00, 0x00,
  0x00, 0x00, 0x00, 0x00, 0x00, 0x00, 0x00, 0x00, 0x00, 0x00, 0x00, 0x00,
  0x00, 0x00, 0x00, 0x00, 0x00, 0x00, 0x00, 0x00, 0x00, 0x00, 0x00, 0x00,
  0x00, 0x00, 0x00, 0x00, 0x00, 0x00, 0x00, 0x00, 0x00, 0x00, 0x00, 0x00,
  0x00, 0x00, 0x00, 0x00, 0x00, 0x00, 0x00, 0x00, 0x00, 0x00, 0x00, 0x00,
  0x00, 0x00, 0x00, 0x00, 0x00, 0x00, 0x00, 0x00, 0x00, 0x00, 0x00, 0x00,
  0x00, 0x00, 0x00, 0x00, 0x00, 0x00, 0x00, 0x00, 0x00, 0x00, 0x00, 0x00,
  0x00, 0x00, 0x00, 0x00, 0x00, 0x00, 0x00, 0x00, 0x00, 0x00, 0x00, 0x00,
  0x00, 0x00, 0x00, 0x00, 0x00, 0x00, 0x00, 0x00, 0x00, 0x00, 0x00, 0x00,
  0x00, 0x00, 0x00, 0x00, 0x00, 0x00, 0x00, 0x00, 0x00, 0x00, 0x00, 0x00,
  0x00, 0x00, 0x00, 0x00, 0x00, 0x00, 0x00, 0x00, 0x00, 0x00, 0x00, 0x00,
  0x00, 0x00, 0x00, 0x00, 0x00, 0x00, 0x00, 0x00, 0x00, 0x00, 0x00, 0x00,
  0x00, 0x00, 0x00, 0x00, 0x00, 0x00, 0x00, 0x00, 0x00, 0x00, 0x00, 0x00,
  0x00, 0x00, 0x00, 0x00, 0x00, 0x00, 0x00, 0x00, 0x00, 0x00, 0x00, 0x00,
  0x00, 0x00, 0x00, 0x00, 0x00, 0x00, 0x00, 0x00, 0x00, 0x00, 0x00, 0x00,
  0x00, 0x00, 0x00, 0x00, 0x00, 0x00, 0x00, 0x00, 0x00, 0x00, 0x00, 0x00,
  0x00, 0x00, 0x00, 0x00, 0x00, 0x00, 0x00, 0x00, 0x00, 0x00, 0x00, 0x00,
  0x00, 0x00, 0x00, 0x00, 0x00, 0x00, 0x00, 0x00, 0x00, 0x00, 0x00, 0x00,
  0x00, 0x00, 0x00, 0x00, 0x00, 0x00, 0x00, 0x00, 0x00, 0x00, 0x00, 0x00,
  0x00, 0x00, 0x00, 0x00, 0x00, 0x00, 0x00, 0x00, 0x00, 0x00, 0x00, 0x00,
  0x00, 0x00, 0x00, 0x00, 0x00, 0x00, 0x00, 0x00, 0x00, 0x00, 0x00, 0x00,
  0x00, 0x00, 0x00, 0x00, 0x00, 0x00, 0x00, 0x00, 0x00, 0x00, 0x00, 0x00,
  0x00, 0x00, 0x00, 0x00, 0x00, 0x00, 0x00, 0x00, 0x00, 0x00, 0x00, 0x00,
  0x00, 0x00, 0x00, 0x00, 0x00, 0x00, 0x00, 0x00, 0x00, 0x00, 0x00, 0x00,
  0x00, 0x00, 0x00, 0x00, 0x00, 0x00, 0x00, 0x00, 0x00, 0x00, 0x00, 0x00,
  0x00, 0x00, 0x00, 0x00, 0x00, 0x00, 0x00, 0x00, 0x00, 0x00, 0x00, 0x00,
  0x00, 0x00, 0x00, 0x00, 0x00, 0x00, 0x00, 0x00, 0x00, 0x00, 0x00, 0x00,
  0x00, 0x00, 0x00, 0x00, 0x00, 0x00, 0x00, 0x00, 0x00, 0x00, 0x00, 0x00,
  0x00, 0x00, 0x00, 0x00, 0x00, 0x00, 0x00, 0x00, 0x00, 0x00, 0x00, 0x00,
  0x00, 0x00, 0x00, 0x00, 0x00, 0x00, 0x00, 0x00, 0x00, 0x00, 0x00, 0x00,
  0x00, 0x00, 0x00, 0x00, 0x00, 0x00, 0x00, 0x00, 0x00, 0x00, 0x00, 0x00,
  0x00, 0x00, 0x00, 0x00, 0x00, 0x00, 0x00, 0x00, 0x00, 0x00, 0x00, 0x00,
  0x00, 0x00, 0x00, 0x00, 0x00, 0x00, 0x00, 0x00, 0x00, 0x00, 0x00, 0x00,
  0x00, 0x00, 0x00, 0x00, 0x00, 0x00, 0x00, 0x00, 0x00, 0x00, 0x00, 0x00,
  0x00, 0x00, 0x00, 0x00, 0x00, 0x00, 0x00, 0x00, 0x00, 0x00, 0x00, 0x00,
  0x00, 0x00, 0x00, 0x00, 0x00, 0x00, 0x00, 0x00, 0x00, 0x00, 0x00, 0x00,
  0x00, 0x00, 0x00, 0x00, 0x00, 0x00, 0x00, 0x00, 0x00, 0x00, 0x00, 0x00,
  0x00, 0x00, 0x00, 0x00, 0x00, 0x00, 0x00, 0x00, 0x00, 0x00, 0x00, 0x00,
  0x00, 0x00, 0x00, 0x00, 0x00, 0x00, 0x00, 0x00, 0x00, 0x00, 0x00, 0x00,
  0x00, 0x00, 0x00, 0x00, 0x00, 0x00, 0x00, 0x00, 0x00, 0x00, 0x00, 0x00,
  0x00, 0x00, 0x00, 0x00, 0x00, 0x00, 0x00, 0x00, 0x00, 0x00, 0x00, 0x00,
  0x00, 0x00, 0x00, 0x00, 0x00, 0x00, 0x00, 0x00, 0x00, 0x00, 0x00, 0x00,
  0x00, 0x00, 0x00, 0x00, 0x00, 0x00, 0x00, 0x00, 0x00, 0x00, 0x00, 0x00,
  0x00, 0x00, 0x00, 0x00, 0x00, 0x00, 0x00, 0x00, 0x00, 0x00, 0x00, 0x00,
  0x00, 0x00, 0x00, 0x00, 0x00, 0x00, 0x00, 0x00, 0x00, 0x00, 0x00, 0x00,
  0x00, 0x00, 0x00, 0x00, 0x00, 0x00, 0x00, 0x00, 0x00, 0x00, 0x00, 0x00,
  0x00, 0x00, 0x00, 0x00, 0x00, 0x00, 0x00, 0x00, 0x00, 0x00, 0x00, 0x00,
  0x00, 0x00, 0x00, 0x00, 0x00, 0x00, 0x00, 0x00, 0x00, 0x00, 0x00, 0x00,
  0x00, 0x00, 0x00, 0x00, 0x00, 0x00, 0x00, 0x00, 0x00, 0x00, 0x00, 0x00,
  0x00, 0x00, 0x00, 0x00, 0x00, 0x00, 0x00, 0x00, 0x00, 0x00, 0x00, 0x00,
  0x00, 0x00, 0x00, 0x00, 0x00, 0x00, 0x00, 0x00, 0x00, 0x00, 0x00, 0x00,
  0x00, 0x00, 0x00, 0x00, 0x00, 0x00, 0x00, 0x00, 0x00, 0x00, 0x00, 0x00,
  0x00, 0x00, 0x00, 0x00, 0x00, 0x00, 0x00, 0x00, 0x00, 0x00, 0x00, 0x00,
  0x00, 0x00, 0x00, 0x00, 0x00, 0x00, 0x00, 0x00, 0x00, 0x00, 0x00, 0x00,
  0x00, 0x00, 0x00, 0x00, 0x00, 0x00, 0x00, 0x00, 0x00, 0x00, 0x00, 0x00,
  0x00, 0x00, 0x00, 0x00, 0x00, 0x00, 0x00, 0x00, 0x00, 0x00, 0x00, 0x00,
  0x00, 0x00, 0x00, 0x00, 0x00, 0x00, 0x00, 0x00, 0x00, 0x00, 0x00, 0x00,
  0x00, 0x00, 0x00, 0x00, 0x00, 0x00, 0x00, 0x00, 0x00, 0x00, 0x00, 0x00,
  0x00, 0x00, 0x00, 0x00, 0x00, 0x00, 0x00, 0x00, 0x00, 0x00, 0x00, 0x00,
  0x00, 0x00, 0x00, 0x00, 0x00, 0x00, 0x00, 0x00, 0x00, 0x00, 0x00, 0x00,
  0x00, 0x00, 0x00, 0x00, 0x00, 0x00, 0x00, 0x00, 0x00, 0x00, 0x00, 0x00,
  0x00, 0x00, 0x00, 0x00, 0x00, 0x00, 0x00, 0x00, 0x00, 0x00, 0x00, 0x00,
  0x00, 0x00, 0x00, 0x00, 0x00, 0x00, 0x00, 0x00, 0x00, 0x00, 0x00, 0x00,
  0x00, 0x00, 0x00, 0x00, 0x00, 0x00, 0x00, 0x00, 0x00, 0x00, 0x00, 0x00,
  0x00, 0x00, 0x00, 0x00, 0x00, 0x00, 0x00, 0x00, 0x00, 0x00, 0x00, 0x00,
  0x00, 0x00, 0x00, 0x00, 0x00, 0x00, 0x00, 0x00, 0x00, 0x00, 0x00, 0x00,
  0x00, 0x00, 0x00, 0x00, 0x00, 0x00, 0x00, 0x00, 0x00, 0x00, 0x00, 0x00,
  0x00, 0x00, 0x00, 0x00, 0x00, 0x00, 0x00, 0x00, 0x00, 0x00, 0x00, 0x00,
  0x00, 0x00, 0x00, 0x00, 0x00, 0x00, 0x00, 0x00, 0x00, 0x00, 0x00, 0x00,
  0x00, 0x00, 0x00, 0x00, 0x00, 0x00, 0x00, 0x00, 0x00, 0x00, 0x00, 0x00,
  0x00, 0x00, 0x00, 0x00, 0x00, 0x00, 0x00, 0x00, 0x00, 0x00, 0x00, 0x00,
  0x00, 0x00, 0x00, 0x00, 0x00, 0x00, 0x00, 0x00, 0x00, 0x00, 0x00, 0x00,
  0x00, 0x00, 0x00, 0x00, 0x00, 0x00, 0x00, 0x00, 0x00, 0x00, 0x00, 0x00,
  0x00, 0x00, 0x00, 0x00, 0x00, 0x00, 0x00, 0x00, 0x00, 0x00, 0x00, 0x00,
  0x00, 0x00, 0x00, 0x00, 0x00, 0x00, 0x00, 0x00, 0x00, 0x00, 0x00, 0x00,
  0x00, 0x00, 0x00, 0x00, 0x00, 0x00, 0x00, 0x00, 0x00, 0x00, 0x00, 0x00,
  0x00, 0x00, 0x00, 0x00, 0x00, 0x00, 0x00, 0x00, 0x00, 0x00, 0x00, 0x00,
  0x00, 0x00, 0x00, 0x00, 0x00, 0x00, 0x00, 0x00, 0x00, 0x00, 0x00, 0x00,
  0x00, 0x00, 0x00, 0x00, 0x00, 0x00, 0x00, 0x00, 0x00, 0x00, 0x00, 0x00,
  0x00, 0x00, 0x00, 0x00, 0x00, 0x00, 0x00, 0x00, 0x00, 0x00, 0x00, 0x00,
  0x00, 0x00, 0x00, 0x00, 0x00, 0x00, 0x00, 0x00, 0x00, 0x00, 0x00, 0x00,
  0x00, 0x00, 0x00, 0x00, 0x00, 0x00, 0x00, 0x00, 0x00, 0x00, 0x00, 0x00,
  0x00, 0x00, 0x00, 0x00, 0x00, 0x00, 0x00, 0x00, 0x00, 0x00, 0x00, 0x00,
  0x00, 0x00, 0x00, 0x00, 0x00, 0x00, 0x00, 0x00, 0x00, 0x00, 0x00, 0x00,
  0x00, 0x00, 0x00, 0x00, 0x00, 0x00, 0x00, 0x00, 0x00, 0x00, 0x00, 0x00,
  0x00, 0x00, 0x00, 0x00, 0x00, 0x00, 0x00, 0x00, 0x00, 0x00, 0x00, 0x00,
  0x00, 0x00, 0x00, 0x00, 0x00, 0x00, 0x00, 0x00, 0x00, 0x00, 0x00, 0x00,
  0x00, 0x00, 0x00, 0x00, 0x00, 0x00, 0x00, 0x00, 0x00, 0x00, 0x00, 0x00,
  0x00, 0x00, 0x00, 0x00, 0x00, 0x00, 0x00, 0x00, 0x00, 0x00, 0x00, 0x00,
  0x00, 0x00, 0x00, 0x00, 0x00, 0x00, 0x00, 0x00, 0x00, 0x00, 0x00, 0x00,
  0x00, 0x00, 0x00, 0x00, 0x00, 0x00, 0x00, 0x00, 0x00, 0x00, 0x00, 0x00,
  0x00, 0x00, 0x00, 0x00, 0x00, 0x00, 0x00, 0x00, 0x00, 0x00, 0x00, 0x00,
  0x00, 0x00, 0x00, 0x00, 0x00, 0x00, 0x00, 0x00, 0x00, 0x00, 0x00, 0x00,
  0x00, 0x00, 0x00, 0x00, 0x00, 0x00, 0x00, 0x00, 0x00, 0x00, 0x00, 0x00,
  0x00, 0x00, 0x00, 0x00, 0x00, 0x00, 0x00, 0x00, 0x00, 0x00, 0x00, 0x00,
  0x00, 0x00, 0x00, 0x00, 0x00, 0x00, 0x00, 0x00, 0x00, 0x00, 0x00, 0x00,
  0x00, 0x00, 0x00, 0x00, 0x00, 0x00, 0x00, 0x00, 0x00, 0x00, 0x00, 0x00,
  0x00, 0x00, 0x00, 0x00, 0x00, 0x00, 0x00, 0x00, 0x00, 0x00, 0x00, 0x00,
  0x00, 0x00, 0x00, 0x00, 0x00, 0x00, 0x00, 0x00, 0x00, 0x00, 0x00, 0x00,
  0x00, 0x00, 0x00, 0x00, 0x00, 0x00, 0x00, 0x00, 0x00, 0x00, 0x00, 0x00,
  0x00, 0x00, 0x00, 0x00, 0x00, 0x00, 0x00, 0x00, 0x00, 0x00, 0x00, 0x00,
  0x00, 0x00, 0x00, 0x00, 0x00, 0x00, 0x00, 0x00, 0x00, 0x00, 0x00, 0x00,
  0x00, 0x00, 0x00, 0x00, 0x00, 0x00, 0x00, 0x00, 0x00, 0x00, 0x00, 0x00,
  0x00, 0x00, 0x00, 0x00, 0x00, 0x00, 0x00, 0x00, 0x00, 0x00, 0x00, 0x00,
  0x00, 0x00, 0x00, 0x00, 0x00, 0x00, 0x00, 0x00, 0x00, 0x00, 0x00, 0x00,
  0x00, 0x00, 0x00, 0x00, 0x00, 0x00, 0x00, 0x00, 0x00, 0x00, 0x00, 0x00,
  0x00, 0x00, 0x00, 0x00, 0x00, 0x00, 0x00, 0x00, 0x00, 0x00, 0x00, 0x00,
  0x00, 0x00, 0x00, 0x00, 0x00, 0x00, 0x00, 0x00, 0x00, 0x00, 0x00, 0x00,
  0x00, 0x00, 0x00, 0x00, 0x00, 0x00, 0x00, 0x00, 0x00, 0x00, 0x00, 0x00,
  0x00, 0x00, 0x00, 0x00, 0x00, 0x00, 0x00, 0x00, 0x00, 0x00, 0x00, 0x00,
  0x00, 0x00, 0x00, 0x00, 0x00, 0x00, 0x00, 0x00, 0x00, 0x00, 0x00, 0x00,
  0x00, 0x00, 0x00, 0x00, 0x00, 0x00, 0x00, 0x00, 0x00, 0x00, 0x00, 0x00,
  0x00, 0x00, 0x00, 0x00, 0x00, 0x00, 0x00, 0x00, 0x00, 0x00, 0x00, 0x00,
  0x00, 0x00, 0x00, 0x00, 0x00, 0x00, 0x00, 0x00, 0x00, 0x00, 0x00, 0x00,
  0x00, 0x00, 0x00, 0x00, 0x00, 0x00, 0x00, 0x00, 0x00, 0x00, 0x00, 0x00,
  0x00, 0x00, 0x00, 0x00, 0x00, 0x00, 0x00, 0x00, 0x00, 0x00, 0x00, 0x00,
  0x00, 0x00, 0x00, 0x00, 0x00, 0x00, 0x00, 0x00, 0x00, 0x00, 0x00, 0x00,
  0x00, 0x00, 0x00, 0x00, 0x00, 0x00, 0x00, 0x00, 0x00, 0x00, 0x00, 0x00,
  0x00, 0x00, 0x00, 0x00, 0x00, 0x00, 0x00, 0x00, 0x00, 0x00, 0x00, 0x00,
  0x00, 0x00, 0x00, 0x00, 0x00, 0x00, 0x00, 0x00, 0x00, 0x00, 0x00, 0x00,
  0x00, 0x00, 0x00, 0x00, 0x00, 0x00, 0x00, 0x00, 0x00, 0x00, 0x00, 0x00,
  0x00, 0x00, 0x00, 0x00, 0x00, 0x00, 0x00, 0x00, 0x00, 0x00, 0x00, 0x00,
  0x00, 0x00, 0x00, 0x00, 0x00, 0x00, 0x00, 0x00, 0x00, 0x00, 0x00, 0x00,
  0x00, 0x00, 0x00, 0x00, 0x00, 0x00, 0x00, 0x00, 0x00, 0x00, 0x00, 0x00,
  0x00, 0x00, 0x00, 0x00, 0x00, 0x00, 0x00, 0x00, 0x00, 0x00, 0x00, 0x00,
  0x00, 0x00, 0x00, 0x00, 0x00, 0x00, 0x00, 0x00, 0x00, 0x00, 0x00, 0x00,
  0x00, 0x00, 0x00, 0x00, 0x00, 0x00, 0x00, 0x00, 0x00, 0x00, 0x00, 0x00,
  0x00, 0x00, 0x00, 0x00, 0x00, 0x00, 0x00, 0x00, 0x00, 0x00, 0x00, 0x00,
  0x00, 0x00, 0x00, 0x00, 0x00, 0x00, 0x00, 0x00, 0x00, 0x00, 0x00, 0x00,
  0x00, 0x00, 0x00, 0x00, 0x00, 0x00, 0x00, 0x00, 0x00, 0x00, 0x00, 0x00,
  0x00, 0x00, 0x00, 0x00, 0x00, 0x00, 0x00, 0x00, 0x00, 0x00, 0x00, 0x00,
  0x00, 0x00, 0x00, 0x00, 0x00, 0x00, 0x00, 0x00, 0x00, 0x00, 0x00, 0x00,
  0x00, 0x00, 0x00, 0x00, 0x00, 0x00, 0x00, 0x00, 0x00, 0x00, 0x00, 0x00,
  0x00, 0x00, 0x00, 0x00, 0x00, 0x00, 0x00, 0x00, 0x00, 0x00, 0x00, 0x00,
  0x00, 0x00, 0x00, 0x00, 0x00, 0x00, 0x00, 0x00, 0x00, 0x00, 0x00, 0x00,
  0x00, 0x00, 0x00, 0x00, 0x00, 0x00, 0x00, 0x00, 0x00, 0x00, 0x00, 0x00,
  0x00, 0x00, 0x00, 0x00, 0x00, 0x00, 0x00, 0x00, 0x00, 0x00, 0x00, 0x00,
  0x00, 0x00, 0x00, 0x00, 0x00, 0x00, 0x00, 0x00, 0x00, 0x00, 0x00, 0x00,
  0x00, 0x00, 0x00, 0x00, 0x00, 0x00, 0x00, 0x00, 0x00, 0x00, 0x00, 0x00,
  0x00, 0x00, 0x00, 0x00, 0x00, 0x00, 0x00, 0x00, 0x00, 0x00, 0x00, 0x00,
  0x00, 0x00, 0x00, 0x00, 0x00, 0x00, 0x00, 0x00, 0x00, 0x00, 0x00, 0x00,
  0x00, 0x00, 0x00, 0x00, 0x00, 0x00, 0x00, 0x00, 0x00, 0x00, 0x00, 0x00,
  0x00, 0x00, 0x00, 0x00, 0x00, 0x00, 0x00, 0x00, 0x00, 0x00, 0x00, 0x00,
  0x00, 0x00, 0x00, 0x00, 0x00, 0x00, 0x00, 0x00, 0x00, 0x00, 0x00, 0x00,
  0x00, 0x00, 0x00, 0x00, 0x00, 0x00, 0x00, 0x00, 0x00, 0x00, 0x00, 0x00,
  0x00, 0x00, 0x00, 0x00, 0x00, 0x00, 0x00, 0x00, 0x00, 0x00, 0x00, 0x00,
  0x00, 0x00, 0x00, 0x00, 0x00, 0x00, 0x00, 0x00, 0x00, 0x00, 0x00, 0x00,
  0x00, 0x00, 0x00, 0x00, 0x00, 0x00, 0x00, 0x00, 0x00, 0x00, 0x00, 0x00,
  0x00, 0x00, 0x00, 0x00, 0x00, 0x00, 0x00, 0x00, 0x00, 0x00, 0x00, 0x00,
  0x00, 0x00, 0x00, 0x00, 0x00, 0x00, 0x00, 0x00, 0x00, 0x00, 0x00, 0x00,
  0x00, 0x00, 0x00, 0x00, 0x00, 0x00, 0x00, 0x00, 0x00, 0x00, 0x00, 0x00,
  0x00, 0x00, 0x00, 0x00, 0x00, 0x00, 0x00, 0x00, 0x00, 0x00, 0x00, 0x00,
  0x00, 0x00, 0x00, 0x00, 0x00, 0x00, 0x00, 0x00, 0x00, 0x00, 0x00, 0x00,
  0x00, 0x00, 0x00, 0x00, 0x00, 0x00, 0x00, 0x00, 0x00, 0x00, 0x00, 0x00,
  0x00, 0x00, 0x00, 0x00, 0x00, 0x00, 0x00, 0x00, 0x00, 0x00, 0x00, 0x00,
  0x00, 0x00, 0x00, 0x00, 0x00, 0x00, 0x00, 0x00, 0x00, 0x00, 0x00, 0x00,
  0x00, 0x00, 0x00, 0x00, 0x00, 0x00, 0x00, 0x00, 0x00, 0x00, 0x00, 0x00,
  0x00, 0x00, 0x00, 0x00, 0x00, 0x00, 0x00, 0x00, 0x00, 0x00, 0x00, 0x00,
  0x00, 0x00, 0x00, 0x00, 0x00, 0x00, 0x00, 0x00, 0x00, 0x00, 0x00, 0x00,
  0x00, 0x00, 0x00, 0x00, 0x00, 0x00, 0x00, 0x00, 0x00, 0x00, 0x00, 0x00,
  0x00, 0x00, 0x00, 0x00, 0x00, 0x00, 0x00, 0x00, 0x00, 0x00, 0x00, 0x00,
  0x00, 0x00, 0x00, 0x00, 0x00, 0x00, 0x00, 0x00, 0x00, 0x00, 0x00, 0x00,
  0x00, 0x00, 0x00, 0x00, 0x00, 0x00, 0x00, 0x00, 0x00, 0x00, 0x00, 0x00,
  0x00, 0x00, 0x00, 0x00, 0x00, 0x00, 0x00, 0x00, 0x00, 0x00, 0x00, 0x00,
  0x00, 0x00, 0x00, 0x00, 0x00, 0x00, 0x00, 0x00, 0x00, 0x00, 0x00, 0x00,
  0x00, 0x00, 0x00, 0x00, 0x00, 0x00, 0x00, 0x00, 0x00, 0x00, 0x00, 0x00,
  0x00, 0x00, 0x00, 0x00, 0x00, 0x00, 0x00, 0x00, 0x00, 0x00, 0x00, 0x00,
  0x00, 0x00, 0x00, 0x00, 0x00, 0x00, 0x00, 0x00, 0x00, 0x00, 0x00, 0x00,
  0x00, 0x00, 0x00, 0x00, 0x00, 0x00, 0x00, 0x00, 0x00, 0x00, 0x00, 0x00,
  0x00, 0x00, 0x00, 0x00, 0x00, 0x00, 0x00, 0x00, 0x00, 0x00, 0x00, 0x00,
  0x00, 0x00, 0x00, 0x00, 0x00, 0x00, 0x00, 0x00, 0x00, 0x00, 0x00, 0x00,
  0x00, 0x00, 0x00, 0x00, 0x00, 0x00, 0x00, 0x00, 0x00, 0x00, 0x00, 0x00,
  0x00, 0x00, 0x00, 0x00, 0x00, 0x00, 0x00, 0x00, 0x00, 0x00, 0x00, 0x00,
  0x00, 0x00, 0x00, 0x00, 0x00, 0x00, 0x00, 0x00, 0x00, 0x00, 0x00, 0x00,
  0x00, 0x00, 0x00, 0x00, 0x00, 0x00, 0x00, 0x00, 0x00, 0x00, 0x00, 0x00,
  0x00, 0x00, 0x00, 0x00, 0x00, 0x00, 0x00, 0x00, 0x00, 0x00, 0x00, 0x00,
  0x00, 0x00, 0x00, 0x00, 0x00, 0x00, 0x00, 0x00, 0x00, 0x00, 0x00, 0x00,
  0x00, 0x00, 0x00, 0x00, 0x00, 0x00, 0x00, 0x00, 0x00, 0x00, 0x00, 0x00,
  0x00, 0x00, 0x00, 0x00, 0x00, 0x00, 0x00, 0x00, 0x00, 0x00, 0x00, 0x00,
  0x00, 0x00, 0x00, 0x00, 0x00, 0x00, 0x00, 0x00, 0x00, 0x00, 0x00, 0x00,
  0x00, 0x00, 0x00, 0x00, 0x00, 0x00, 0x00, 0x00, 0x00, 0x00, 0x00, 0x00,
  0x00, 0x00, 0x00, 0x00, 0x00, 0x00, 0x00, 0x00, 0x00, 0x00, 0x00, 0x00,
  0x00, 0x00, 0x00, 0x00, 0x00, 0x00, 0x00, 0x00, 0x00, 0x00, 0x00, 0x00,
  0x00, 0x00, 0x00, 0x00, 0x00, 0x00, 0x00, 0x00, 0x00, 0x00, 0x00, 0x00,
  0x00, 0x00, 0x00, 0x00, 0x00, 0x00, 0x00, 0x00, 0x00, 0x00, 0x00, 0x00,
  0x00, 0x00, 0x00, 0x00, 0x00, 0x00, 0x00, 0x00, 0x00, 0x00, 0x00, 0x00,
  0x00, 0x00, 0x00, 0x00, 0x00, 0x00, 0x00, 0x00, 0x00, 0x00, 0x00, 0x00,
  0x00, 0x00, 0x00, 0x00, 0x00, 0x00, 0x00, 0x00, 0x00, 0x00, 0x00, 0x00,
  0x00, 0x00, 0x00, 0x00, 0x00, 0x00, 0x00, 0x00, 0x00, 0x00, 0x00, 0x00,
  0x00, 0x00, 0x00, 0x00, 0x00, 0x00, 0x00, 0x00, 0x00, 0x00, 0x00, 0x00,
  0x00, 0x00, 0x00, 0x00, 0x00, 0x00, 0x00, 0x00, 0x00, 0x00, 0x00, 0x00,
  0x00, 0x00, 0x00, 0x00, 0x00, 0x00, 0x00, 0x00, 0x00, 0x00, 0x00, 0x00,
  0x00, 0x00, 0x00, 0x00, 0x00, 0x00, 0x00, 0x00, 0x00, 0x00, 0x00, 0x00,
  0x00, 0x00, 0x00, 0x00, 0x00, 0x00, 0x00, 0x00, 0x00, 0x00, 0x00, 0x00,
  0x00, 0x00, 0x00, 0x00, 0x00, 0x00, 0x00, 0x00, 0x00, 0x00, 0x00, 0x00,
  0x00, 0x00, 0x00, 0x00, 0x00, 0x00, 0x00, 0x00, 0x00, 0x00, 0x00, 0x00,
  0x00, 0x00, 0x00, 0x00, 0x00, 0x00, 0x00, 0x00, 0x00, 0x00, 0x00, 0x00,
  0x00, 0x00, 0x00, 0x00, 0x00, 0x00, 0x00, 0x00, 0x00, 0x00, 0x00, 0x00,
  0x00, 0x00, 0x00, 0x00, 0x00, 0x00, 0x00, 0x00, 0x00, 0x00, 0x00, 0x00,
  0x00, 0x00, 0x00, 0x00, 0x00, 0x00, 0x00, 0x00, 0x00, 0x00, 0x00, 0x00,
  0x00, 0x00, 0x00, 0x00, 0x00, 0x00, 0x00, 0x00, 0x00, 0x00, 0x00, 0x00,
  0x00, 0x00, 0x00, 0x00, 0x00, 0x00, 0x00, 0x00, 0x00, 0x00, 0x00, 0x00,
  0x00, 0x00, 0x00, 0x00, 0x00, 0x00, 0x00, 0x00, 0x00, 0x00, 0x00, 0x00,
  0x00, 0x00, 0x00, 0x00, 0x00, 0x00, 0x00, 0x00, 0x00, 0x00, 0x00, 0x00,
  0x00, 0x00, 0x00, 0x00, 0x00, 0x00, 0x00, 0x00, 0x00, 0x00, 0x00, 0x00,
  0x00, 0x00, 0x00, 0x00, 0x00, 0x00, 0x00, 0x00, 0x00, 0x00, 0x00, 0x00,
  0x00, 0x00, 0x00, 0x00, 0x00, 0x00, 0x00, 0x00, 0x00, 0x00, 0x00, 0x00,
  0x00, 0x00, 0x00, 0x00, 0x00, 0x00, 0x00, 0x00, 0x00, 0x00, 0x00, 0x00,
  0x00, 0x00, 0x00, 0x00, 0x00, 0x00, 0x00, 0x00, 0x00, 0x00, 0x00, 0x00,
  0x00, 0x00, 0x00, 0x00, 0x00, 0x00, 0x00, 0x00, 0x00, 0x00, 0x00, 0x00,
  0x00, 0x00, 0x00, 0x00, 0x00, 0x00, 0x00, 0x00, 0x00, 0x00, 0x00, 0x00,
  0x00, 0x00, 0x00, 0x00, 0x00, 0x00, 0x00, 0x00, 0x00, 0x00, 0x00, 0x00,
  0x00, 0x00, 0x00, 0x00, 0x00, 0x00, 0x00, 0x00, 0x00, 0x00, 0x00, 0x00,
  0x00, 0x00, 0x00, 0x00, 0x00, 0x00, 0x00, 0x00, 0x00, 0x00, 0x00, 0x00,
  0x00, 0x00, 0x00, 0x00, 0x00, 0x00, 0x00, 0x00, 0x00, 0x00, 0x00, 0x00,
  0x00, 0x00, 0x00, 0x00, 0x00, 0x00, 0x00, 0x00, 0x00, 0x00, 0x00, 0x00,
  0x00, 0x00, 0x00, 0x00, 0x00, 0x00, 0x00, 0x00, 0x00, 0x00, 0x00, 0x00,
  0x00, 0x00, 0x00, 0x00, 0x00, 0x00, 0x00, 0x00, 0x00, 0x00, 0x00, 0x00,
  0x00, 0x00, 0x00, 0x00, 0x00, 0x00, 0x00, 0x00, 0x00, 0x00, 0x00, 0x00,
  0x00, 0x00, 0x00, 0x00, 0x00, 0x00, 0x00, 0x00, 0x00, 0x00, 0x00, 0x00,
  0x00, 0x00, 0x00, 0x00, 0x00, 0x00, 0x00, 0x00, 0x00, 0x00, 0x00, 0x00,
  0x00, 0x00, 0x00, 0x00, 0x00, 0x00, 0x00, 0x00, 0x00, 0x00, 0x00, 0x00,
  0x00, 0x00, 0x00, 0x00, 0x00, 0x00, 0x00, 0x00, 0x00, 0x00, 0x00, 0x00,
  0x00, 0x00, 0x00, 0x00, 0x00, 0x00, 0x00, 0x00, 0x00, 0x00, 0x00, 0x00,
  0x00, 0x00, 0x00, 0x00, 0x00, 0x00, 0x00, 0x00, 0x00, 0x00, 0x00, 0x00,
  0x00, 0x00, 0x00, 0x00, 0x00, 0x00, 0x00, 0x00, 0x00, 0x00, 0x00, 0x00,
  0x00, 0x00, 0x00, 0x00, 0x00, 0x00, 0x00, 0x00, 0x00, 0x00, 0x00, 0x00,
  0x00, 0x00, 0x00, 0x00, 0x00, 0x00, 0x00, 0x00, 0x00, 0x00, 0x00, 0x00,
  0x00, 0x00, 0x00, 0x00, 0x00, 0x00, 0x00, 0x00, 0x00, 0x00, 0x00, 0x00,
  0x00, 0x00, 0x00, 0x00, 0x00, 0x00, 0x00, 0x00, 0x00, 0x00, 0x00, 0x00,
  0x00, 0x00, 0x00, 0x00, 0x00, 0x00, 0x00, 0x00, 0x00, 0x00, 0x00, 0x00,
  0x00, 0x00, 0x00, 0x00, 0x00, 0x00, 0x00, 0x00, 0x00, 0x00, 0x00, 0x00,
  0x00, 0x00, 0x00, 0x00, 0x00, 0x00, 0x00, 0x00, 0x00, 0x00, 0x00, 0x00,
  0x00, 0x00, 0x00, 0x00, 0x00, 0x00, 0x00, 0x00, 0x00, 0x00, 0x00, 0x00,
  0x00, 0x00, 0x00, 0x00, 0x00, 0x00, 0x00, 0x00, 0x00, 0x00, 0x00, 0x00,
  0x00, 0x00, 0x00, 0x00, 0x00, 0x00, 0x00, 0x00, 0x00, 0x00, 0x00, 0x00,
  0x00, 0x00, 0x00, 0x00, 0x00, 0x00, 0x00, 0x00, 0x00, 0x00, 0x00, 0x00,
  0x00, 0x00, 0x00, 0x00, 0x00, 0x00, 0x00, 0x00, 0x00, 0x00, 0x00, 0x00,
  0x00, 0x00, 0x00, 0x00, 0x00, 0x00, 0x00, 0x00, 0x00, 0x00, 0x00, 0x00,
  0x00, 0x00, 0x00, 0x00, 0x00, 0x00, 0x00, 0x00, 0x00, 0x00, 0x00, 0x00,
  0x00, 0x00, 0x00, 0x00, 0x00, 0x00, 0x00, 0x00, 0x00, 0x00, 0x00, 0x00,
  0x00, 0x00, 0x00, 0x00, 0x00, 0x00, 0x00, 0x00, 0x00, 0x00, 0x00, 0x00,
  0x00, 0x00, 0x00, 0x00, 0x00, 0x00, 0x00, 0x00, 0x00, 0x00, 0x00, 0x00,
  0x00, 0x00, 0x00, 0x00, 0x00, 0x00, 0x00, 0x00, 0x00, 0x00, 0x00, 0x00,
  0x00, 0x00, 0x00, 0x00, 0x00, 0x00, 0x00, 0x00, 0x00, 0x00, 0x00, 0x00,
  0x00, 0x00, 0x00, 0x00, 0x00, 0x00, 0x00, 0x00, 0x00, 0x00, 0x00, 0x00,
  0x00, 0x00, 0x00, 0x00, 0x00, 0x00, 0x00, 0x00, 0x00, 0x00, 0x00, 0x00,
  0x00, 0x00, 0x00, 0x00, 0x00, 0x00, 0x00, 0x00, 0x00, 0x00, 0x00, 0x00,
  0x00, 0x00, 0x00, 0x00, 0x00, 0x00, 0x00, 0x00, 0x00, 0x00, 0x00, 0x00,
  0x00, 0x00, 0x00, 0x00, 0x00, 0x00, 0x00, 0x00, 0x00, 0x00, 0x00, 0x00,
  0x00, 0x00, 0x00, 0x00, 0x00, 0x00, 0x00, 0x00, 0x00, 0x00, 0x00, 0x00,
  0x00, 0x00, 0x00, 0x00, 0x00, 0x00, 0x00, 0x00, 0x00, 0x00, 0x00, 0x00,
  0x00, 0x00, 0x00, 0x00, 0x00, 0x00, 0x00, 0x00, 0x00, 0x00, 0x00, 0x00,
  0x00, 0x00, 0x00, 0x00, 0x00, 0x00, 0x00, 0x00, 0x00, 0x00, 0x00, 0x00,
  0x00, 0x00, 0x00, 0x00, 0x00, 0x00, 0x00, 0x00, 0x00, 0x00, 0x00, 0x00,
  0x00, 0x00, 0x00, 0x00, 0x00, 0x00, 0x00, 0x00, 0x00, 0x00, 0x00, 0x00,
  0x00, 0x00, 0x00, 0x00, 0x00, 0x00, 0x00, 0x00, 0x00, 0x00, 0x00, 0x00,
  0x00, 0x00, 0x00, 0x00, 0x00, 0x00, 0x00, 0x00, 0x00, 0x00, 0x00, 0x00,
  0x00, 0x00, 0x00, 0x00, 0x00, 0x00, 0x00, 0x00, 0x00, 0x00, 0x00, 0x00,
  0x00, 0x00, 0x00, 0x00, 0x00, 0x00, 0x00, 0x00, 0x00, 0x00, 0x00, 0x00,
  0x00, 0x00, 0x00, 0x00, 0x00, 0x00, 0x00, 0x00, 0x00, 0x00, 0x00, 0x00,
  0x00, 0x00, 0x00, 0x00, 0x00, 0x00, 0x00, 0x00, 0x00, 0x00, 0x00, 0x00,
  0x00, 0x00, 0x00, 0x00, 0x00, 0x00, 0x00, 0x00, 0x00, 0x00, 0x00, 0x00,
  0x00, 0x00, 0x00, 0x00, 0x00, 0x00, 0x00, 0x00, 0x00, 0x00, 0x00, 0x00,
  0x00, 0x00, 0x00, 0x00, 0x00, 0x00, 0x00, 0x00, 0x00, 0x00, 0x00, 0x00,
  0x00, 0x00, 0x00, 0x00, 0x00, 0x00, 0x00, 0x00, 0x00, 0x00, 0x00, 0x00,
  0x00, 0x00, 0x00, 0x00, 0x00, 0x00, 0x00, 0x00, 0x00, 0x00, 0x00, 0x00,
  0x00, 0x00, 0x00, 0x00, 0x00, 0x00, 0x00, 0x00, 0x00, 0x00, 0x00, 0x00,
  0x00, 0x00, 0x00, 0x00, 0x00, 0x00, 0x00, 0x00, 0x00, 0x00, 0x00, 0x00,
  0x00, 0x00, 0x00, 0x00, 0x00, 0x00, 0x00, 0x00, 0x00, 0x00, 0x00, 0x00,
  0x00, 0x00, 0x00, 0x00, 0x00, 0x00, 0x00, 0x00, 0x00, 0x00, 0x00, 0x00,
  0x00, 0x00, 0x00, 0x00, 0x00, 0x00, 0x00, 0x00, 0x00, 0x00, 0x00, 0x00,
  0x00, 0x00, 0x00, 0x00, 0x00, 0x00, 0x00, 0x00, 0x00, 0x00, 0x00, 0x00,
  0x00, 0x00, 0x00, 0x00, 0x00, 0x00, 0x00, 0x00, 0x00, 0x00, 0x00, 0x00,
  0x00, 0x00, 0x00, 0x00, 0x00, 0x00, 0x00, 0x00, 0x00, 0x00, 0x00, 0x00,
  0x00, 0x00, 0x00, 0x00, 0x00, 0x00, 0x00, 0x00, 0x00, 0x00, 0x00, 0x00,
  0x00, 0x00, 0x00, 0x00, 0x00, 0x00, 0x00, 0x00, 0x00, 0x00, 0x00, 0x00,
  0x00, 0x00, 0x00, 0x00, 0x00, 0x00, 0x00, 0x00, 0x00, 0x00, 0x00, 0x00,
  0x00, 0x00, 0x00, 0x00, 0x00, 0x00, 0x00, 0x00, 0x00, 0x00, 0x00, 0x00,
  0x00, 0x00, 0x00, 0x00, 0x00, 0x00, 0x00, 0x00, 0x00, 0x00, 0x00, 0x00,
  0x00, 0x00, 0x00, 0x00, 0x00, 0x00, 0x00, 0x00, 0x00, 0x00, 0x00, 0x00,
  0x00, 0x00, 0x00, 0x00, 0x00, 0x00, 0x00, 0x00, 0x00, 0x00, 0x00, 0x00,
  0x00, 0x00, 0x00, 0x00, 0x00, 0x00, 0x00, 0x00, 0x00, 0x00, 0x00, 0x00,
  0x00, 0x00, 0x00, 0x00, 0x00, 0x00, 0x00, 0x00, 0x00, 0x00, 0x00, 0x00,
  0x00, 0x00, 0x00, 0x00, 0x00, 0x00, 0x00, 0x00, 0x00, 0x00, 0x00, 0x00,
  0x00, 0x00, 0x00, 0x00, 0x00, 0x00, 0x00, 0x00, 0x00, 0x00, 0x00, 0x00,
  0x00, 0x00, 0x00, 0x00, 0x00, 0x00, 0x00, 0x00, 0x00, 0x00, 0x00, 0x00,
  0x00, 0x00, 0x00, 0x00, 0x00, 0x00, 0x00, 0x00, 0x00, 0x00, 0x00, 0x00,
  0x00, 0x00, 0x00, 0x00, 0x00, 0x00, 0x00, 0x00, 0x00, 0x00, 0x00, 0x00,
  0x00, 0x00, 0x00, 0x00, 0x00, 0x00, 0x00, 0x00, 0x00, 0x00, 0x00, 0x00,
  0x00, 0x00, 0x00, 0x00, 0x00, 0x00, 0x00, 0x00, 0x00, 0x00, 0x00, 0x00,
  0x00, 0x00, 0x00, 0x00, 0x0c, 0x30, 0x00, 0x01, 0x18, 0x30, 0x00, 0x01,
  0x24, 0x30, 0x00, 0x01, 0x06, 0x20, 0x00, 0x01, 0x00, 0x00, 0x00, 0x00,
  0x00, 0x00, 0x00, 0x00, 0x06, 0x20, 0x00, 0x01, 0x00, 0x00, 0x00, 0x00,
  0x00, 0x00, 0x00, 0x00, 0x06, 0x20, 0x00, 0x01, 0x00, 0x00, 0x00, 0x00,
  0x00, 0x00, 0x00, 0x00, 0x00, 0x00, 0x00, 0x00, 0x00, 0x00, 0x00, 0x00,
  0x00, 0x00, 0x00, 0x00, 0x00, 0x00, 0x00, 0x00, 0x01, 0x00, 0x00, 0x00,
  0x00, 0x00, 0x00, 0x00, 0x00, 0x00, 0x00, 0x00, 0x04, 0x00, 0xf1, 0xff,
  0x09, 0x00, 0x00, 0x00, 0x00, 0x00, 0x00, 0x00, 0x00, 0x00, 0x00, 0x00,
  0x04, 0x00, 0xf1, 0xff, 0x13, 0x00, 0x00, 0x00, 0x00, 0x00, 0x00, 0x00,
  0x00, 0x00, 0x00, 0x00, 0x04, 0x00, 0xf1, 0xff, 0x1a, 0x00, 0x00, 0x00,
  0x00, 0x00, 0x00, 0x00, 0x00, 0x00, 0x00, 0x00, 0x04, 0x00, 0xf1, 0xff,
  0x22, 0x00, 0x00, 0x00, 0x20, 0x40, 0x00, 0x01, 0x30, 0x00, 0x00, 0x00,
  0x01, 0x00, 0x04, 0x00, 0x2a, 0x00, 0x00, 0x00, 0x8c, 0x0a, 0x00, 0x01,
  0xb8, 0x05, 0x00, 0x00, 0x02, 0x00, 0x01, 0x00, 0x38, 0x00, 0x00, 0x00,
  0x0c, 0x30, 0x00, 0x01, 0x0c, 0x00, 0x00, 0x00, 0x01, 0x00, 0x03, 0x00,
  0x46, 0x00, 0x00, 0x00, 0x18, 0x30, 0x00, 0x01, 0x0c, 0x00, 0x00, 0x00,
  0x01, 0x00, 0x03, 0x00, 0x55, 0x00, 0x00, 0x00, 0x24, 0x30, 0x00, 0x01,
  0x0c, 0x00, 0x00, 0x00, 0x01, 0x00, 0x03, 0x00, 0x63, 0x00, 0x00, 0x00,
  0x00, 0x00, 0x00, 0x00, 0x00, 0x00, 0x00, 0x00, 0x04, 0x00, 0xf1, 0xff,
  0x70, 0x00, 0x00, 0x00, 0xb8, 0x03, 0x00, 0x01, 0x27, 0x00, 0x00, 0x00,
  0x12, 0x00, 0x01, 0x00, 0xde, 0x00, 0x00, 0x00, 0xb8, 0x10, 0x00, 0x01,
  0x21, 0x00, 0x00, 0x00, 0x12, 0x00, 0x01, 0x00, 0x78, 0x00, 0x00, 0x00,
  0x04, 0x30, 0x00, 0x01, 0x04, 0x00, 0x00, 0x00, 0x11, 0x00, 0x03, 0x00,
  0x7f, 0x00, 0x00, 0x00, 0xac, 0x00, 0x00, 0x01, 0x54, 0x00, 0x00, 0x00,
  0x12, 0x00, 0x01, 0x00, 0xa8, 0x00, 0x00, 0x00, 0x94, 0x10, 0x00, 0x01,
  0x22, 0x00, 0x00, 0x00, 0x12, 0x00, 0x01, 0x00, 0x87, 0x00, 0x00, 0x00,
  0x20, 0x09, 0x00, 0x01, 0x5e, 0x00, 0x00, 0x00, 0x12, 0x00, 0x01, 0x00,
  0x94, 0x00, 0x00, 0x00, 0x3c, 0x00, 0x00, 0x01, 0x32, 0x00, 0x00, 0x00,
  0x12, 0x00, 0x01, 0x00, 0xa3, 0x01, 0x00, 0x00, 0xe0, 0x03, 0x00, 0x01,
  0x15, 0x00, 0x00, 0x00, 0x12, 0x00, 0x01, 0x00, 0x9b, 0x00, 0x00, 0x00,
  0x0c, 0x05, 0x00, 0x01, 0x1a, 0x00, 0x00, 0x00, 0x12, 0x00, 0x01, 0x00,
  0xa0, 0x00, 0x00, 0x00, 0xac, 0x05, 0x00, 0x01, 0x08, 0x00, 0x00, 0x00,
  0x12, 0x00, 0x01, 0x00, 0xa7, 0x00, 0x00, 0x00, 0x74, 0x10, 0x00, 0x01,
  0x1f, 0x00, 0x00, 0x00, 0x12, 0x00, 0x01, 0x00, 0xb1, 0x00, 0x00, 0x00,
  0x08, 0x04, 0x00, 0x01, 0x1f, 0x00, 0x00, 0x00, 0x12, 0x00, 0x01, 0x00,
  0xc0, 0x00, 0x00, 0x00, 0x08, 0x05, 0x00, 0x01, 0x03, 0x00, 0x00, 0x00,
  0x12, 0x00, 0x01, 0x00, 0xc7, 0x00, 0x00, 0x00, 0x00, 0x04, 0x00, 0x01,
  0x06, 0x00, 0x00, 0x00, 0x12, 0x00, 0x01, 0x00, 0xd6, 0x00, 0x00, 0x00,
  0xb4, 0x05, 0x00, 0x01, 0x08, 0x00, 0x00, 0x00, 0x12, 0x00, 0x01, 0x00,
  0xdd, 0x00, 0x00, 0x00, 0x54, 0x10, 0x00, 0x01, 0x20, 0x00, 0x00, 0x00,
  0x12, 0x00, 0x01, 0x00, 0xe5, 0x00, 0x00, 0x00, 0x44, 0x10, 0x00, 0x01,
  0x0e, 0x00, 0x00, 0x00, 0x12, 0x00, 0x01, 0x00, 0xed, 0x00, 0x00, 0x00,
  0x2c, 0x05, 0x00, 0x01, 0x61, 0x00, 0x00, 0x00, 0x12, 0x00, 0x01, 0x00,
  0xf3, 0x00, 0x00, 0x00, 0x08, 0x30, 0x00, 0x01, 0x04, 0x00, 0x00, 0x00,
  0x11, 0x00, 0x03, 0x00, 0xf9, 0x00, 0x00, 0x00, 0x80, 0x09, 0x00, 0x01,
  0x8d, 0x00, 0x00, 0x00, 0x12, 0x00, 0x01, 0x00, 0x07, 0x01, 0x00, 0x00,
  0x00, 0x00, 0x00, 0x01, 0x3a, 0x00, 0x00, 0x00, 0x12, 0x00, 0x01, 0x00,
  0x0e, 0x01, 0x00, 0x00, 0x28, 0x05, 0x00, 0x01, 0x03, 0x00, 0x00, 0x00,
  0x12, 0x00, 0x01, 0x00, 0x15, 0x01, 0x00, 0x00, 0xac, 0x02, 0x00, 0x01,
  0xbf, 0x00, 0x00, 0x00, 0x12, 0x00, 0x01, 0x00, 0x21, 0x01, 0x00, 0x00,
  0x08, 0x40, 0x00, 0x01, 0x04, 0x00, 0x00, 0x00, 0x11, 0x00, 0x04, 0x00,
  0x28, 0x01, 0x00, 0x00, 0x00, 0x01, 0x00, 0x01, 0x4d, 0x00, 0x00, 0x00,
  0x12, 0x00, 0x01, 0x00, 0x2f, 0x01, 0x00, 0x00, 0xdc, 0x07, 0x00, 0x01,
  0x21, 0x01, 0x00, 0x00, 0x12, 0x00, 0x01, 0x00, 0x35, 0x01, 0x00, 0x00,
  0x70, 0x00, 0x00, 0x01, 0x3a, 0x00, 0x00, 0x00, 0x12, 0x00, 0x01, 0x00,
  0x3c, 0x01, 0x00, 0x00, 0x4c, 0x11, 0x00, 0x01, 0x28, 0x00, 0x00, 0x00,
  0x12, 0x00, 0x01, 0x00, 0x41, 0x01, 0x00, 0x00, 0x90, 0x05, 0x00, 0x01,
  0x1a, 0x00, 0x00, 0x00, 0x12, 0x00, 0x01, 0x00, 0x47, 0x01, 0x00, 0x00,
  0x04, 0x40, 0x00, 0x01, 0x04, 0x00, 0x00, 0x00, 0x11, 0x00, 0x04, 0x00,
  0x5b, 0x01, 0x00, 0x00, 0x00, 0x09, 0x00, 0x01, 0x1d, 0x00, 0x00, 0x00,
  0x12, 0x00, 0x01, 0x00, 0x62, 0x01, 0x00, 0x00, 0xf8, 0x03, 0x00, 0x01,
  0x08, 0x00, 0x00, 0x00, 0x12, 0x00, 0x01, 0x00, 0x6a, 0x01, 0x00, 0x00,
  0xc0, 0x04, 0x00, 0x01, 0x46, 0x00, 0x00, 0x00, 0x12, 0x00, 0x01, 0x00,
  0x70, 0x01, 0x00, 0x00, 0xbc, 0x05, 0x00, 0x01, 0x1e, 0x02, 0x00, 0x00,
  0x12, 0x00, 0x01, 0x00, 0x76, 0x01, 0x00, 0x00, 0x00, 0x30, 0x00, 0x01,
  0x04, 0x00, 0x00, 0x00, 0x11, 0x00, 0x03, 0x00, 0x7d, 0x01, 0x00, 0x00,
  0x6c, 0x03, 0x00, 0x01, 0x4b, 0x00, 0x00, 0x00, 0x12, 0x00, 0x01, 0x00,
  0x88, 0x01, 0x00, 0x00, 0x10, 0x0a, 0x00, 0x01, 0x7a, 0x00, 0x00, 0x00,
  0x12, 0x00, 0x01, 0x00, 0x8e, 0x01, 0x00, 0x00, 0x50, 0x01, 0x00, 0x01,
  0x15, 0x00, 0x00, 0x00, 0x12, 0x00, 0x01, 0x00, 0x95, 0x01, 0x00, 0x00,
  0x28, 0x04, 0x00, 0x01, 0x98, 0x00, 0x00, 0x00, 0x12, 0x00, 0x01, 0x00,
  0xa2, 0x01, 0x00, 0x00, 0xdc, 0x10, 0x00, 0x01, 0x70, 0x00, 0x00, 0x00,
  0x12, 0x00, 0x01, 0x00, 0xa8, 0x01, 0x00, 0x00, 0x68, 0x01, 0x00, 0x01,
  0x41, 0x01, 0x00, 0x00, 0x12, 0x00, 0x01, 0x00, 0xb2, 0x01, 0x00, 0x00,
  0x00, 0x40, 0x00, 0x01, 0x04, 0x00, 0x00, 0x00, 0x11, 0x00, 0x04, 0x00,
  0x00, 0x73, 0x74, 0x61, 0x72, 0x74, 0x2e, 0x63, 0x00, 0x72, 0x75, 0x6e,
  0x74, 0x69, 0x6d, 0x65, 0x2e, 0x63, 0x00, 0x74, 0x65, 0x78, 0x74, 0x2e,
  0x63, 0x00, 0x73, 0x74, 0x64, 0x69, 0x6f, 0x2e, 0x63, 0x00, 0x73, 0x74,
  0x72, 0x65, 0x61, 0x6d, 0x73, 0x00, 0x66, 0x6f, 0x72, 0x6d, 0x61, 0x74,
  0x5f, 0x6f, 0x75, 0x74, 0x70, 0x75, 0x74, 0x00, 0x63, 0x6f, 0x6e, 0x73,
  0x6f, 0x6c, 0x65, 0x5f, 0x65, 0x72, 0x72, 0x6f, 0x72, 0x00, 0x63, 0x6f,
  0x6e, 0x73, 0x6f, 0x6c, 0x65, 0x5f, 0x6f, 0x75, 0x74, 0x70, 0x75, 0x74,
  0x00, 0x63, 0x6f, 0x6e, 0x73, 0x6f, 0x6c, 0x65, 0x5f, 0x69, 0x6e, 0x70,
  0x75, 0x74, 0x00, 0x62, 0x63, 0x63, 0x5f, 0x6f, 0x75, 0x74, 0x70, 0x75,
  0x74, 0x2e, 0x63, 0x00, 0x70, 0x75, 0x74, 0x63, 0x68, 0x61, 0x72, 0x00,
  0x73, 0x74, 0x64, 0x6f, 0x75, 0x74, 0x00, 0x6d, 0x65, 0x6d, 0x6d, 0x6f,
  0x76, 0x65, 0x00, 0x62, 0x61, 0x72, 0x6e, 0x69, 0x78, 0x5f, 0x66, 0x72,
  0x65, 0x61, 0x64, 0x00, 0x6d, 0x65, 0x6d, 0x63, 0x70, 0x79, 0x00, 0x66,
  0x65, 0x6f, 0x66, 0x00, 0x72, 0x65, 0x6d, 0x6f, 0x76, 0x65, 0x00, 0x76,
  0x73, 0x6e, 0x70, 0x72, 0x69, 0x6e, 0x74, 0x66, 0x00, 0x61, 0x72, 0x67,
  0x75, 0x6d, 0x65, 0x6e, 0x74, 0x5f, 0x76, 0x61, 0x6c, 0x75, 0x65, 0x00,
  0x66, 0x66, 0x6c, 0x75, 0x73, 0x68, 0x00, 0x61, 0x72, 0x67, 0x75, 0x6d,
  0x65, 0x6e, 0x74, 0x5f, 0x63, 0x6f, 0x75, 0x6e, 0x74, 0x00, 0x72, 0x65,
  0x6e, 0x61, 0x6d, 0x65, 0x00, 0x66, 0x70, 0x72, 0x69, 0x6e, 0x74, 0x66,
  0x00, 0x76, 0x70, 0x72, 0x69, 0x6e, 0x74, 0x66, 0x00, 0x66, 0x73, 0x65,
  0x65, 0x6b, 0x00, 0x73, 0x74, 0x64, 0x69, 0x6e, 0x00, 0x62, 0x61, 0x72,
  0x6e, 0x69, 0x78, 0x5f, 0x66, 0x77, 0x72, 0x69, 0x74, 0x65, 0x00, 0x5f,
  0x73, 0x74, 0x61, 0x72, 0x74, 0x00, 0x66, 0x65, 0x72, 0x72, 0x6f, 0x72,
  0x00, 0x75, 0x74, 0x66, 0x38, 0x5f, 0x65, 0x6e, 0x63, 0x6f, 0x64, 0x65,
  0x00, 0x62, 0x61, 0x72, 0x6e, 0x69, 0x78, 0x00, 0x6d, 0x65, 0x6d, 0x63,
  0x6d, 0x70, 0x00, 0x66, 0x6f, 0x70, 0x65, 0x6e, 0x00, 0x6d, 0x65, 0x6d,
  0x73, 0x65, 0x74, 0x00, 0x6d, 0x61, 0x69, 0x6e, 0x00, 0x66, 0x74, 0x65,
  0x6c, 0x6c, 0x00, 0x62, 0x61, 0x72, 0x6e, 0x69, 0x78, 0x5f, 0x70, 0x72,
  0x6f, 0x67, 0x72, 0x61, 0x6d, 0x5f, 0x61, 0x72, 0x67, 0x63, 0x00, 0x66,
  0x63, 0x6c, 0x6f, 0x73, 0x65, 0x00, 0x67, 0x65, 0x74, 0x63, 0x68, 0x61,
  0x72, 0x00, 0x66, 0x67, 0x65, 0x74, 0x63, 0x00, 0x73, 0x63, 0x61, 0x6e,
  0x66, 0x00, 0x73, 0x74, 0x64, 0x65, 0x72, 0x72, 0x00, 0x74, 0x65, 0x78,
  0x74, 0x5f, 0x67, 0x6c, 0x79, 0x70, 0x68, 0x00, 0x66, 0x70, 0x75, 0x74,
  0x63, 0x00, 0x73, 0x74, 0x72, 0x6c, 0x65, 0x6e, 0x00, 0x61, 0x72, 0x67,
  0x75, 0x6d, 0x65, 0x6e, 0x74, 0x5f, 0x69, 0x6e, 0x74, 0x00, 0x66, 0x70,
  0x75, 0x74, 0x73, 0x00, 0x75, 0x74, 0x66, 0x38, 0x5f, 0x66, 0x65, 0x65,
  0x64, 0x00, 0x62, 0x61, 0x72, 0x6e, 0x69, 0x78, 0x5f, 0x70, 0x72, 0x6f,
  0x67, 0x72, 0x61, 0x6d, 0x5f, 0x61, 0x72, 0x67, 0x76, 0x00, 0x00, 0x2e,
  0x73, 0x79, 0x6d, 0x74, 0x61, 0x62, 0x00, 0x2e, 0x73, 0x74, 0x72, 0x74,
  0x61, 0x62, 0x00, 0x2e, 0x73, 0x68, 0x73, 0x74, 0x72, 0x74, 0x61, 0x62,
  0x00, 0x2e, 0x74, 0x65, 0x78, 0x74, 0x00, 0x2e, 0x72, 0x6f, 0x64, 0x61,
  0x74, 0x61, 0x00, 0x2e, 0x64, 0x61, 0x74, 0x61, 0x00, 0x2e, 0x62, 0x73,
  0x73, 0x00, 0x00, 0x00, 0x00, 0x00, 0x00, 0x00, 0x00, 0x00, 0x00, 0x00,
  0x00, 0x00, 0x00, 0x00, 0x00, 0x00, 0x00, 0x00, 0x00, 0x00, 0x00, 0x00,
  0x00, 0x00, 0x00, 0x00, 0x00, 0x00, 0x00, 0x00, 0x00, 0x00, 0x00, 0x00,
  0x00, 0x00, 0x00, 0x00, 0x00, 0x00, 0x00, 0x00, 0x1b, 0x00, 0x00, 0x00,
  0x01, 0x00, 0x00, 0x00, 0x06, 0x00, 0x00, 0x00, 0x00, 0x00, 0x00, 0x01,
  0x00, 0x10, 0x00, 0x00, 0x74, 0x11, 0x00, 0x00, 0x00, 0x00, 0x00, 0x00,
  0x00, 0x00, 0x00, 0x00, 0x04, 0x00, 0x00, 0x00, 0x00, 0x00, 0x00, 0x00,
  0x21, 0x00, 0x00, 0x00, 0x01, 0x00, 0x00, 0x00, 0x32, 0x00, 0x00, 0x00,
  0x00, 0x20, 0x00, 0x01, 0x00, 0x30, 0x00, 0x00, 0x4a, 0x00, 0x00, 0x00,
  0x00, 0x00, 0x00, 0x00, 0x00, 0x00, 0x00, 0x00, 0x04, 0x00, 0x00, 0x00,
  0x01, 0x00, 0x00, 0x00, 0x29, 0x00, 0x00, 0x00, 0x01, 0x00, 0x00, 0x00,
  0x03, 0x00, 0x00, 0x00, 0x00, 0x30, 0x00, 0x01, 0x00, 0x40, 0x00, 0x00,
  0x30, 0x00, 0x00, 0x00, 0x00, 0x00, 0x00, 0x00, 0x00, 0x00, 0x00, 0x00,
  0x04, 0x00, 0x00, 0x00, 0x00, 0x00, 0x00, 0x00, 0x2f, 0x00, 0x00, 0x00,
  0x08, 0x00, 0x00, 0x00, 0x03, 0x00, 0x00, 0x00, 0x00, 0x40, 0x00, 0x01,
  0x30, 0x40, 0x00, 0x00, 0x50, 0x00, 0x00, 0x00, 0x00, 0x00, 0x00, 0x00,
  0x00, 0x00, 0x00, 0x00, 0x20, 0x00, 0x00, 0x00, 0x00, 0x00, 0x00, 0x00,
  0x01, 0x00, 0x00, 0x00, 0x02, 0x00, 0x00, 0x00, 0x00, 0x00, 0x00, 0x00,
  0x00, 0x00, 0x00, 0x00, 0x30, 0x40, 0x00, 0x00, 0x50, 0x03, 0x00, 0x00,
  0x06, 0x00, 0x00, 0x00, 0x0b, 0x00, 0x00, 0x00, 0x04, 0x00, 0x00, 0x00,
  0x10, 0x00, 0x00, 0x00, 0x09, 0x00, 0x00, 0x00, 0x03, 0x00, 0x00, 0x00,
  0x00, 0x00, 0x00, 0x00, 0x00, 0x00, 0x00, 0x00, 0x80, 0x43, 0x00, 0x00,
  0xc6, 0x01, 0x00, 0x00, 0x00, 0x00, 0x00, 0x00, 0x00, 0x00, 0x00, 0x00,
  0x01, 0x00, 0x00, 0x00, 0x00, 0x00, 0x00, 0x00, 0x11, 0x00, 0x00, 0x00,
  0x03, 0x00, 0x00, 0x00, 0x00, 0x00, 0x00, 0x00, 0x00, 0x00, 0x00, 0x00,
  0x46, 0x45, 0x00, 0x00, 0x34, 0x00, 0x00, 0x00, 0x00, 0x00, 0x00, 0x00,
  0x00, 0x00, 0x00, 0x00, 0x01, 0x00, 0x00, 0x00, 0x00, 0x00, 0x00, 0x00
};
static const unsigned int bcc_template_size = 18108;
